01G-QSS4:Curr1,02G-QSS3:Curr1,05G-QSS3:Curr1,07G-QSS2:Curr1,08G-QSS2:Curr1,09G-QSS1:Curr1,10G-QSS4:Curr1,11G-QSS3:Curr1,12G-QSS3:Curr1,14G-QSS2:Curr1,16G-QSS2:Curr1,17G-QSS2:Curr1,18G-QSS1:Curr1,objective,objective_old
0.560533,-0.235897,0.66562,-0.421541,-0.091723,0.55213,0.58263,-0.237703,-0.400443,0.67852,-0.420219,-0.085551,0.522797,0.394032,-0.394032
1.467495,-0.617587,1.742617,-1.10361,-0.240133,1.445495,1.525346,-0.622314,-1.048375,1.776388,-1.100147,-0.223976,1.368701,0.35292,-0.35292
2.812776,-1.18374,3.340105,-2.115309,-0.460267,2.770607,2.923659,-1.1928,-2.009439,3.404836,-2.108671,-0.4293,2.623414,0.279702,-0.279702
-0.560533,0.235897,-0.66562,0.421541,0.091723,-0.55213,-0.58263,0.237703,0.400443,-0.67852,0.420219,0.085551,-0.522797,0.432313,-0.432313
-1.467495,0.617587,-1.742617,1.10361,0.240133,-1.445495,-1.525346,0.622314,1.048375,-1.776388,1.100147,0.223976,-1.368701,0.408267,-0.408267
-2.812776,1.18374,-3.340105,2.115309,0.460267,-2.770607,-2.923659,1.1928,2.009439,-3.404836,2.108671,0.4293,-2.623414,0.362108,-0.362108
-4.158056,1.749893,-4.937594,3.127008,0.680402,-4.095718,-4.321972,1.763287,2.970503,-5.033283,3.117196,0.634623,-3.878128,0.307397,-0.307397
-0.90717,1.114772,-0.762476,0.960792,-0.56326,-0.41847,-0.942097,1.118824,0.65011,-0.979697,1.006753,-0.576104,-0.404212,0.394935,-0.394935
-1.007463,2.342991,-0.372267,1.486947,-1.698412,0.251468,-1.044993,2.349195,0.725044,-0.909488,1.610503,-1.71698,0.217232,0.347534,-0.347534
-1.156227,4.164786,0.206523,2.267384,-3.38216,1.245174,-1.197617,4.17418,0.836192,-0.805348,2.506035,-3.40922,1.139009,0.285798,-0.285798
-0.783201,-0.40339,-1.2448,0.310428,0.839864,-1.246559,-0.814911,-0.401997,0.557486,-1.06648,0.260477,0.834097,-1.17236,0.385668,-0.385668
-0.682907,-1.631609,-1.635009,-0.215727,1.975015,-1.916497,-0.712015,-1.632367,0.482552,-1.136688,-0.343273,1.974973,-1.793804,0.476029,-0.476029
-0.534144,-3.453404,-2.213799,-0.996164,3.658763,-2.910203,-0.559391,-3.457353,0.371404,-1.240828,-1.238804,3.667213,-2.715581,0.43505,-0.43505
-0.385381,-5.275198,-2.792588,-1.776601,5.342512,-3.90391,-0.406767,-5.282339,0.260256,-1.344967,-2.134335,5.359454,-3.637358,0.364766,-0.364766
-0.247261,-1.64319,-1.466738,0.505662,2.479284,-1.664171,-0.278508,-1.642208,1.309109,-0.898967,0.368247,2.469325,-1.58691,0.455173,-0.455173
0.457629,-1.66193,-1.194469,1.672895,3.295208,-1.255898,0.422921,-1.658131,2.646505,-0.514327,1.51951,3.269205,-1.252147,0.403443,-0.403443
1.50318,-1.689725,-0.790617,3.40423,4.505453,-0.650315,1.463338,-1.681749,4.630241,0.056204,3.227157,4.455651,-0.755601,0.348122,-0.348122
-1.118554,-1.620027,-1.803281,-0.937117,1.470746,-2.168823,-1.145522,-1.622527,-0.344004,-1.37441,-1.054792,1.48062,-2.000698,0.496767,-0.496767
-1.823444,-1.601288,-2.07555,-2.10435,0.654822,-2.577095,-1.846951,-1.606604,-1.6814,-1.75905,-2.206055,0.680741,-2.335461,0.474337,-0.474337
-2.868995,-1.573492,-2.479401,-3.835685,-0.555424,-3.182678,-2.887368,-1.582986,-3.665136,-2.329581,-3.913702,-0.505706,-2.832007,0.447531,-0.447531
-3.914546,-1.545697,-2.883253,-5.56702,-1.765669,-3.788261,-3.927785,-1.559368,-5.648872,-2.900111,-5.621349,-1.692152,-3.328554,0.384607,-0.384607
-1.305352,-2.438376,-1.747192,-0.621278,0.759927,-2.048482,-1.196242,-2.439937,0.045621,-1.321681,-0.736971,0.779808,-2.182568,0.498847,-0.498847
-1.607599,-3.762492,-1.656438,-0.11024,-0.390203,-1.853767,-1.278308,-3.762534,0.676048,-1.236365,-0.222726,-0.354129,-2.476839,0.425562,-0.425562
-2.055916,-5.726529,-1.521825,0.647773,-2.096169,-1.564949,-1.400036,-5.724317,1.611148,-1.109817,0.540045,-2.036077,-2.913326,0.36976,-0.36976
-0.931755,-0.801679,-1.859369,-1.252956,2.181565,-2.289164,-1.094802,-0.805117,-0.733629,-1.427138,-1.372613,2.181432,-1.818829,0.508681,-0.508681
-0.629508,0.522437,-1.950123,-1.763994,3.331695,-2.483879,-1.012735,0.51748,-1.364056,-1.512454,-1.886859,3.315369,-1.524558,0.476957,-0.476957
-0.181191,2.486474,-2.084736,-2.522007,5.037661,-2.772697,-0.891007,2.479264,-2.299156,-1.639002,-2.649629,4.997317,-1.088071,0.420916,-0.420916
0.267126,4.450511,-2.219349,-3.28002,6.743627,-3.061515,-0.76928,4.441048,-3.234256,-1.765551,-3.4124,6.679265,-0.651584,0.354128,-0.354128
-0.15258,-0.641132,-1.974593,-1.058592,1.895333,-2.872609,-0.372245,-0.636745,-1.149279,-1.342149,-1.175532,1.971977,-2.745657,0.456629,-0.456629
1.103525,-0.401628,-2.159639,-0.736283,1.414595,-3.813663,0.795619,-0.384557,-1.812167,-1.203329,-0.848776,1.615715,-4.249802,0.401775,-0.401775
-1.705211,-0.937175,-1.745863,-1.456988,2.489557,-1.709402,-1.815806,-0.948466,-0.329906,-1.51374,-1.579424,2.41234,-0.886433,0.541785,-0.541785
-2.961316,-1.176678,-1.560817,-1.779296,2.970295,-0.768348,-2.98367,-1.200654,0.332981,-1.65256,-1.90618,2.768601,0.617711,0.622886,-0.622886
-4.824473,-1.53193,-1.286341,-2.257371,3.683364,0.6275,-4.715943,-1.574719,1.31623,-1.85847,-2.39085,3.297037,2.848781,0.802174,-0.802174
-6.68763,-1.887181,-1.011866,-2.735445,4.396433,2.023349,-6.448215,-1.948784,2.299478,-2.064379,-2.875521,3.825473,5.079851,0.893349,-0.893349
-8.550788,-2.242433,-0.73739,-3.21352,5.109502,3.419197,-8.180487,-2.32285,3.282726,-2.270288,-3.360192,4.353908,7.31092,0.754945,-0.754945
-9.218929,-1.880405,-0.691735,-3.281267,4.753397,4.187482,-7.471307,-2.497909,3.186749,-2.362406,-3.334994,4.892897,6.488579,0.757631,-0.757631
-10.454667,-1.324122,-0.595079,-3.43057,4.2364,5.546464,-6.467629,-2.812213,3.113075,-2.528549,-3.334455,5.808866,5.343206,0.746345,-0.746345
-12.287614,-0.498998,-0.451711,-3.652029,3.469547,7.562217,-4.978891,-3.278414,3.003796,-2.774985,-3.333656,7.167505,3.644297,0.724631,-0.724631
-7.691472,-2.568009,-0.811208,-3.096719,5.39244,2.507687,-8.711922,-2.109408,3.277815,-2.157042,-3.335659,3.760698,7.904337,0.781182,-0.781182
-6.455734,-3.124292,-0.907864,-2.947416,5.909438,1.148705,-9.715601,-1.795104,3.351488,-1.9909,-3.336198,2.844729,9.049709,0.751386,-0.751386
-4.622787,-3.949417,-1.051232,-2.725957,6.67629,-0.867048,-11.204339,-1.328903,3.460767,-1.744463,-3.336997,1.48609,10.748619,0.755772,-0.755772
-2.789839,-4.774541,-1.1946,-2.504499,7.443142,-2.882801,-12.693077,-0.862702,3.570046,-1.498027,-3.337796,0.12745,12.447528,0.732973,-0.732973
-0.956892,-5.599665,-1.337968,-2.283041,8.209995,-4.898554,-14.181815,-0.396501,3.679326,-1.251591,-3.338595,-1.231189,14.146438,0.694441,-0.694441
-8.292545,-3.053951,-0.956305,-2.904266,4.333299,3.483146,-8.35239,-1.499825,3.141589,-2.090387,-3.527605,5.092528,7.202718,0.761271,-0.761271
-8.029362,-4.396504,-1.287732,-2.443569,3.136568,3.702488,-8.774334,-0.199194,2.994845,-1.816393,-3.838717,6.331505,7.212849,0.755014,-0.755014
-7.638988,-6.387888,-1.779331,-1.760225,1.36148,4.027835,-9.400196,1.730008,2.777182,-1.409982,-4.300185,8.169257,7.227875,0.683681,-0.683681
-8.617856,-1.394464,-0.546639,-3.47372,5.812539,3.212023,-7.830839,-3.107493,3.322974,-2.429062,-3.143048,3.561067,7.190197,0.777402,-0.777402
-8.881039,-0.051911,-0.215212,-3.934417,7.009269,2.992681,-7.408895,-4.408124,3.469718,-2.703056,-2.831935,2.32209,7.180066,0.773716,-0.773716
-9.271413,1.939473,0.276388,-4.617761,8.784357,2.667334,-6.783034,-6.337326,3.687381,-3.109466,-2.370468,0.484338,7.16504,0.727581,-0.727581
-9.054692,-1.655234,-1.342002,-2.612791,6.029172,3.332356,-7.588549,-2.8072,3.05545,-1.630957,-3.742409,3.35842,7.269503,0.778013,-0.778013
-9.828552,-1.735157,-2.544496,-1.337142,6.684556,3.471181,-7.089026,-2.652649,2.659969,-0.409397,-4.63294,2.714905,7.395243,0.754833,-0.754833
-10.976405,-1.853705,-4.328134,0.555006,7.656676,3.677097,-6.348092,-2.423405,2.073359,1.402522,-5.953849,1.760389,7.58175,0.739864,-0.739864
-12.124257,-1.972253,-6.111772,2.447153,8.628795,3.883014,-5.607159,-2.194162,1.486749,3.21444,-7.274757,0.805874,7.768257,0.697529,-0.697529
-13.27211,-2.090802,-7.895409,4.339301,9.600915,4.08893,-4.866225,-1.964918,0.900139,5.026358,-8.595665,-0.148641,7.954764,0.651361,-0.651361
-8.098148,-1.556444,0.144363,-4.189581,5.219073,3.160759,-8.205993,-2.998236,3.544291,-3.140889,-2.641652,4.15385,7.11408,0.751279,-0.751279
-7.324288,-1.476521,1.346857,-5.465231,4.563688,3.021934,-8.705517,-3.152788,3.939773,-4.36245,-1.751121,4.797366,6.988341,0.731173,-0.731173
-6.176436,-1.357973,3.130495,-7.357378,3.591569,2.816017,-9.44645,-3.382031,4.526382,-6.174368,-0.430213,5.751881,6.801833,0.726592,-0.726592
-5.028583,-1.239424,4.914133,-9.249526,2.619449,2.610101,-10.187384,-3.611275,5.112992,-7.986287,0.890696,6.706396,6.615326,0.676154,-0.676154
-8.821481,-0.989443,-1.512587,-2.928915,5.185568,2.848282,-7.849952,-3.552517,3.035492,-1.371939,-3.311385,4.111424,7.716058,0.773213,-0.773213
-8.751584,0.056078,-2.266339,-2.93361,4.080965,2.120187,-8.074455,-4.697062,2.84608,-0.467526,-2.967773,5.074148,8.488554,0.77561,-0.77561
-8.647908,1.606879,-3.384365,-2.940575,2.442529,1.040217,-8.407456,-6.394746,2.565128,0.873973,-2.458098,6.502139,9.634384,0.74996,-0.74996
-8.544231,3.157681,-4.502391,-2.947541,0.804092,-0.039753,-8.740457,-8.09243,2.284176,2.215473,-1.948424,7.93013,10.780214,0.74044,-0.74044
-8.440555,4.708482,-5.620417,-2.954506,-0.834345,-1.119722,-9.073459,-9.790113,2.003224,3.556972,-1.43875,9.358121,11.926043,0.725623,-0.725623
-8.336878,6.259284,-6.738444,-2.961471,-2.472782,-2.199692,-9.40646,-11.487797,1.722272,4.898472,-0.929075,10.786112,13.071873,0.66296,-0.66296
-8.907878,-2.281777,-0.580899,-2.92311,6.550932,3.748256,-7.57245,-2.13778,3.269619,-2.489856,-3.736114,2.921432,6.7612,0.732009,-0.732009
-8.977775,-3.327298,0.172853,-2.918415,7.655535,4.476351,-7.347947,-0.993234,3.459031,-3.394269,-4.079726,1.958708,5.988704,0.740272,-0.740272
-9.081451,-4.878099,1.290879,-2.911449,9.293972,5.556321,-7.014946,0.704449,3.739983,-4.735768,-4.589401,0.530717,4.842874,0.716749,-0.716749
-9.185128,-6.4289,2.408905,-2.904484,10.932408,6.63629,-6.681945,2.402133,4.020935,-6.077268,-5.099075,-0.897274,3.697044,0.676636,-0.676636
-9.068369,-0.412528,-2.629833,-3.960003,4.357375,2.131095,-7.702623,-4.014241,3.307305,-0.025614,-2.437422,4.684351,8.327249,0.773868,-0.773868
-9.558903,-0.841155,-3.455593,-5.622222,4.456397,1.919219,-7.17176,-3.270221,3.993873,0.974523,-1.470976,4.357138,8.309775,0.737131,-0.737131
-10.286502,-1.476931,-4.680428,-8.087761,4.603274,1.604947,-6.384341,-2.16663,5.012245,2.458009,-0.037465,3.871788,8.283856,0.742438,-0.742438
-11.014102,-2.112706,-5.905263,-10.5533,4.750152,1.290675,-5.596922,-1.063039,6.030618,3.941495,1.396047,3.386438,8.257936,0.704277,-0.704277
-11.741702,-2.748481,-7.130097,-13.018839,4.897029,0.976403,-4.809503,0.040551,7.048991,5.42498,2.829559,2.901088,8.232017,0.664528,-0.664528
-8.462036,0.117285,-1.609138,-1.905388,4.234977,2.392988,-8.358806,-4.933899,2.458661,-1.261852,-3.632015,5.08881,8.348848,0.758435,-0.758435
-7.971502,0.545913,-0.783378,-0.243168,4.135955,2.604865,-8.889669,-5.677919,1.772094,-2.26199,-4.598461,5.416023,8.366323,0.880165,-0.880165
-7.243902,1.181688,0.441457,2.22237,3.989077,2.919137,-9.677088,-6.78151,0.753721,-3.745476,-6.031973,5.901373,8.392242,0.747915,-0.747915
-8.492757,0.395355,-1.270731,-2.225277,4.095712,2.096606,-8.616333,-4.735312,3.522984,-0.512722,-4.284462,5.029007,7.793087,0.774657,-0.774657
-8.423841,0.948936,-0.523486,-2.3409,3.84643,1.668288,-9.161397,-4.593916,5.079064,0.457537,-5.573856,5.011374,6.898071,0.760369,-0.760369
-8.32162,1.770052,0.584888,-2.512402,3.476676,1.032971,-9.969881,-4.384185,7.387169,1.896703,-7.486389,4.985219,5.570511,0.778008,-0.778008
-8.219398,2.591168,1.693262,-2.683903,3.106921,0.397653,-10.778365,-4.174454,9.695274,3.33587,-9.398923,4.959065,4.242951,0.735378,-0.735378
-8.117176,3.412284,2.801636,-2.855405,2.737166,-0.237664,-11.586849,-3.964723,12.003379,4.775036,-11.311457,4.93291,2.915391,0.686274,-0.686274
-8.577942,-0.288908,-2.194376,-2.082359,4.403841,2.626037,-7.942596,-4.910088,1.599563,-1.712027,-2.690684,5.050803,8.899387,0.769236,-0.769236
-8.646858,-0.842489,-2.941621,-1.966736,4.653122,3.054356,-7.397532,-5.051485,0.043483,-2.682286,-1.40129,5.068436,9.794402,0.733139,-0.733139
-8.74908,-1.663605,-4.049995,-1.795235,5.022877,3.689673,-6.589048,-5.261216,-2.264621,-4.121452,0.511244,5.094591,11.121962,0.700441,-0.700441
-8.851302,-2.484721,-5.158369,-1.623733,5.392632,4.32499,-5.780564,-5.470947,-4.572726,-5.560618,2.423778,5.120746,12.449522,0.645669,-0.645669
-7.608609,0.985521,-1.658696,-2.547885,3.932306,2.670059,-9.363446,-4.822608,4.875339,-0.005389,-5.402151,4.848912,6.953423,0.754323,-0.754323
-6.256495,1.310122,-3.137248,-2.938226,3.951742,4.085608,-9.95169,-5.124849,5.291747,-0.289243,-5.742509,4.577587,6.613881,0.785809,-0.785809
-4.250928,1.791598,-5.330357,-3.517213,3.98057,6.185266,-10.824223,-5.573158,5.909396,-0.710277,-6.247356,4.175137,6.110245,0.684853,-0.684853
-9.279914,0.584291,0.168894,-2.065396,3.908283,0.920345,-8.636335,-4.449017,4.360631,0.345472,-4.981445,5.184287,7.37312,0.795143,-0.795143
-10.632029,0.259689,1.647446,-1.675054,3.888847,-0.495204,-8.04809,-4.146776,3.944224,0.629325,-4.641087,5.455611,7.712662,0.824377,-0.824377
-12.637595,-0.221787,3.840555,-1.096068,3.860019,-2.594862,-7.175558,-3.698467,3.326575,1.050359,-4.13624,5.858061,8.216298,0.827104,-0.827104
-14.643161,-0.703263,6.033664,-0.517081,3.83119,-4.694519,-6.303025,-3.250158,2.708925,1.471394,-3.631393,6.260511,8.719934,0.810416,-0.810416
-16.648728,-1.184739,8.226772,0.061905,3.802362,-6.794177,-5.430493,-2.801849,2.091276,1.892428,-3.126546,6.662961,9.22357,0.77819,-0.77819
-18.654294,-1.666214,10.419881,0.640892,3.773534,-8.893834,-4.55796,-2.35354,1.473627,2.313462,-2.621699,7.065411,9.727206,0.770161,-0.770161
-12.639554,-0.229875,3.511291,-1.164443,3.51006,-2.90924,-6.279921,-3.642305,3.924505,0.305513,-4.763041,5.824185,8.792188,0.82815,-0.82815
-12.642724,-0.242963,2.978531,-1.275077,2.943814,-3.417916,-4.830751,-3.551433,4.891977,-0.899674,-5.777227,5.769373,9.723999,0.807507,-0.807507
-12.647426,-0.262376,2.188297,-1.439178,2.103912,-4.172425,-2.681223,-3.416645,6.32701,-2.687305,-7.281549,5.688071,11.106136,0.770369,-0.770369
-12.652128,-0.281789,1.398063,-1.603279,1.264011,-4.926934,-0.531695,-3.281857,7.762042,-4.474937,-8.785872,5.606769,12.488273,0.739388,-0.739388
-12.635636,-0.213698,4.169819,-1.027692,4.209978,-2.280483,-8.071194,-3.754629,2.728644,1.795206,-3.509439,5.891937,7.640407,0.832574,-0.832574
-12.632466,-0.200611,4.702579,-0.917059,4.776223,-1.771808,-9.520365,-3.8455,1.761173,3.000393,-2.495253,5.946749,6.708597,0.800691,-0.800691
-12.627764,-0.181198,5.492813,-0.752958,5.616125,-1.017299,-11.669893,-3.980289,0.32614,4.788024,-0.990931,6.028051,5.326459,0.780436,-0.780436
-12.623062,-0.161785,6.283047,-0.588857,6.456027,-0.26279,-13.819421,-4.115077,-1.108893,6.575656,0.513392,6.109353,3.944322,0.770001,-0.770001
-12.618361,-0.142372,7.073281,-0.424756,7.295929,0.491719,-15.968949,-4.249865,-2.543926,8.363287,2.017714,6.190655,2.562185,0.725344,-0.725344
-13.695364,-0.233599,4.438497,-1.130639,4.476939,-2.548878,-8.527805,-4.055584,3.104259,1.762738,-3.957599,6.377537,8.422362,0.733865,-0.733865
-15.409322,-0.262834,4.993969,-1.272137,5.037222,-2.867867,-9.595049,-4.563136,3.492753,1.983343,-4.452888,7.175678,9.47641,0.600307,-0.600307
-11.576796,-0.197463,3.751895,-0.955738,3.784391,-2.154586,-7.208618,-3.428217,2.624054,1.490056,-3.345389,5.390981,7.119487,0.932523,-0.932523
-9.862838,-0.168229,3.196423,-0.81424,3.224107,-1.835597,-6.141374,-2.920665,2.23556,1.269452,-2.8501,4.59284,6.065439,0.990341,-0.990341
-7.320557,-0.124865,2.372501,-0.604358,2.39305,-1.362447,-4.558351,-2.167824,1.659314,0.942233,-2.115448,3.408973,4.501989,0.829838,-0.829838
-8.93831,-0.152459,2.896795,-0.737914,2.921884,-1.663531,-5.565691,-2.646886,2.026002,1.150455,-2.582936,4.162314,5.496873,0.950246,-0.950246
-9.496309,-0.366525,3.783704,-1.173828,3.180552,-1.394209,-5.718479,-3.148536,1.924655,1.847831,-3.229348,4.568386,6.562959,0.819603,-0.819603
-10.430532,0.026637,2.674337,-0.471259,3.333423,-2.314425,-6.68953,-2.752365,2.592061,0.716965,-2.528984,4.710971,5.69163,1.024558,-1.024558
-11.186333,0.344711,1.77684,0.097131,3.457098,-3.058896,-7.475127,-2.431856,3.132004,-0.197926,-1.962377,4.826325,4.986711,0.797128,-0.797128
-10.848329,0.202464,2.178213,-0.157061,3.401789,-2.725959,-7.123797,-2.575192,2.890534,0.211226,-2.215771,4.774738,5.30196,0.934831,-0.934831
-10.172319,-0.082031,2.980958,-0.665444,3.29117,-2.060084,-6.421138,-2.861864,2.407595,1.029528,-2.72256,4.671562,5.93246,1.037973,-1.037973
-10.223973,0.550537,3.181927,-0.394459,2.706535,-1.715047,-6.474133,-2.228188,2.446188,1.065688,-2.411611,4.083978,6.252521,1.156478,-1.156478
-10.307551,1.574053,3.507101,0.044003,1.760576,-1.156765,-6.559879,-1.20288,2.508633,1.124195,-1.908486,3.133248,6.770391,0.971853,-0.971853
-10.199365,0.249186,3.086187,-0.523555,2.985051,-1.87942,-6.448886,-2.530067,2.427802,1.048462,-2.559745,4.363899,6.100046,1.126521,-1.126521
-10.253458,0.911619,3.296644,-0.239776,2.372814,-1.518093,-6.504383,-1.866473,2.468218,1.086329,-2.234116,3.748573,6.435219,1.151968,-1.151968
-10.280504,1.242836,3.401873,-0.097886,2.066695,-1.337429,-6.532131,-1.534677,2.488425,1.105262,-2.071301,3.440911,6.602805,1.077579,-1.077579
-9.869532,0.646177,3.355605,0.251804,3.029446,-1.447343,-6.121698,-2.130913,3.141409,1.269808,-1.766921,4.398135,6.478208,0.971242,-0.971242
-10.595609,0.66548,3.075152,-0.950512,2.188998,-1.867887,-6.844209,-2.114512,1.763815,0.873606,-2.952787,3.574214,6.133384,1.332324,-1.332324
-11.183018,0.681096,2.848261,-1.923206,1.509061,-2.208114,-7.428734,-2.101243,0.649318,0.553072,-3.912173,2.907648,5.854415,1.177862,-1.177862
-10.920321,0.674112,2.94973,-1.488204,1.813138,-2.05596,-7.167326,-2.107177,1.147736,0.696419,-3.483122,3.205745,5.979174,1.283769,-1.283769
-10.394926,0.660145,3.152667,-0.6182,2.421292,-1.751651,-6.644512,-2.119045,2.144572,0.983113,-2.625022,3.80194,6.228691,1.25644,-1.25644
-10.831496,-0.014345,3.090907,-0.820152,1.503791,-1.814067,-6.966303,-2.793875,1.936298,0.873772,-2.818957,2.899173,5.943728,1.110061,-1.110061
-10.520165,1.34957,2.997426,-1.34655,2.68849,-2.014635,-6.88177,-1.431525,1.286923,0.785891,-3.348659,4.067192,6.246843,1.345925,-1.345925
-10.268292,2.453,2.921798,-1.772414,3.646931,-2.176898,-6.813381,-0.329361,0.761567,0.714794,-3.777197,5.01214,6.492069,1.01198,-1.01198
-10.380933,1.959531,2.955619,-1.581962,3.218303,-2.104332,-6.843966,-0.822263,0.996513,0.746589,-3.585549,4.589546,6.382401,1.183124,-1.183124
-10.606214,0.972593,3.023263,-1.201057,2.361047,-1.959199,-6.905134,-1.808069,1.466405,0.81018,-3.202253,3.744359,6.163064,1.38088,-1.38088
-11.211427,1.395898,3.063667,-1.330751,2.213607,-1.279402,-6.379733,-1.833298,1.363328,0.715798,-3.255106,4.333264,5.603568,1.355144,-1.355144
-12.241209,1.859467,3.144214,-1.45517,1.782776,-0.146917,-5.543334,-2.095218,1.301933,0.577345,-3.254657,5.096571,4.649091,1.300058,-1.300058
-14.937213,3.073107,3.355088,-1.780903,0.654846,2.817967,-3.353613,-2.780933,1.141199,0.214873,-3.253482,7.094935,2.150238,1.098434,-1.098434
-9.938547,0.822895,2.964106,-1.17696,2.746143,-2.679231,-7.413578,-1.509547,1.439216,0.886934,-3.255661,3.389764,6.783367,1.380083,-1.380083
-8.908766,0.359325,2.88356,-1.052541,3.176974,-3.811716,-8.249977,-1.247627,1.500611,1.025386,-3.256109,2.626457,7.737844,1.357822,-1.357822
-6.212762,-0.854315,2.672686,-0.726807,4.304904,-6.7766,-10.439698,-0.561912,1.661345,1.387859,-3.257285,0.628093,10.236697,1.197908,-1.197908
-7.957652,-0.06883,2.809166,-0.937627,3.574892,-4.857687,-9.022481,-1.005716,1.557316,1.153262,-3.256524,1.921461,8.619405,1.360213,-1.360213
-13.192322,2.287622,3.218607,-1.570084,1.384857,0.899054,-4.77083,-2.337129,1.245228,0.44947,-3.254242,5.801567,3.76753,1.214086,-1.214086
-9.705205,0.087418,2.785763,-0.927872,2.170708,-2.673813,-7.710322,-0.814812,1.369469,1.041197,-3.415935,3.955383,6.879228,1.376281,-1.376281
-9.485886,-1.031376,2.509574,-0.543958,1.173433,-2.491027,-8.061942,0.269047,1.247183,1.269526,-3.675196,4.987864,6.88767,1.308241,-1.308241
-8.911701,-3.960418,1.786501,0.461144,-1.437468,-2.012488,-8.982495,3.106628,0.927032,1.867297,-4.353949,7.690935,6.909772,1.050221,-1.050221
-9.976298,1.470323,3.127151,-1.402417,3.403408,-2.899748,-7.275696,-2.154535,1.520624,0.758968,-3.095471,2.679166,6.868794,1.363993,-1.363993
-10.195617,2.589118,3.40334,-1.786331,4.400683,-3.082533,-6.924076,-3.238394,1.642911,0.53064,-2.836211,1.646685,6.860352,1.307661,-1.307661
-10.769801,5.518159,4.126413,-2.791432,7.011584,-3.561072,-6.003524,-6.075974,1.963061,-0.067132,-2.157458,-1.056385,6.83825,1.004828,-1.004828
-10.398181,3.622443,3.658431,-2.140917,5.321773,-3.251355,-6.599318,-4.239454,1.755855,0.319754,-2.596756,0.693079,6.852555,1.202132,-1.202132
-9.283321,-2.064702,2.254483,-0.189372,0.252343,-2.322205,-8.3867,1.270107,1.134238,1.480411,-3.914651,5.941471,6.895467,1.22026,-1.22026
-10.211716,0.596937,2.302387,-0.459843,2.999119,-2.692283,-7.279983,-1.2687,1.225976,1.55795,-3.746973,3.115757,6.939833,1.336312,-1.336312
-10.856599,0.530335,1.300309,0.603198,3.545272,-2.576595,-6.863713,-1.139907,0.896408,2.575917,-4.489082,2.579493,7.044616,1.226796,-1.226796
-9.414596,0.679262,3.541024,-1.773834,2.324036,-2.83528,-7.79452,-1.427897,1.633344,0.299673,-2.829676,3.778614,6.810314,1.430475,-1.430475
-8.769713,0.745865,4.543103,-2.836876,1.777882,-2.950968,-8.210789,-1.55669,1.962912,-0.718294,-2.087566,4.314878,6.705531,1.454935,-1.454935
-7.081386,0.920232,7.166579,-5.619954,0.348033,-3.253841,-9.300596,-1.893874,2.825731,-3.383367,-0.144699,5.718833,6.431205,1.301649,-1.301649
-7.836428,0.842253,5.993325,-4.375324,0.987481,-3.118392,-8.81322,-1.74308,2.439866,-2.19151,-1.013576,5.090965,6.553887,1.384319,-1.384319
-8.727413,1.284988,4.164691,-2.849681,1.203644,-3.327088,-8.330482,-2.147421,1.868579,-0.262442,-1.903345,4.815947,7.102364,1.503556,-1.503556
-8.669165,2.156255,3.536564,-2.853594,0.283142,-3.933833,-8.517568,-3.10121,1.710735,0.491236,-1.617001,5.618218,7.746111,1.454037,-1.454037
-8.516672,4.437262,1.892108,-2.863839,-2.126764,-5.522314,-9.007365,-5.598259,1.297495,2.46439,-0.867343,7.718588,9.431463,1.251107,-1.251107
-8.79941,0.208043,4.941098,-2.844844,2.341447,-2.577109,-8.099231,-0.968474,2.063684,-1.194039,-2.257286,3.824287,6.306649,1.428808,-1.428808
-8.857658,-0.663225,5.569224,-2.840931,3.26195,-1.970363,-7.912145,-0.014686,2.221528,-1.947716,-2.54363,3.022017,5.662902,1.379387,-1.379387
-8.584869,3.417165,2.627531,-2.859257,-1.049022,-4.811924,-8.788321,-4.481545,1.482302,1.581969,-1.202601,6.779274,8.677751,1.351694,-1.351694
-8.978629,1.085515,3.724058,-3.705866,1.232158,-3.451031,-8.061642,-1.787528,2.218325,0.271067,-1.398604,4.66702,7.109089,1.423855,-1.423855
-9.387407,0.728325,3.035924,-5.091049,1.314676,-3.627594,-7.619257,-1.167512,2.790464,1.104515,-0.593232,4.394342,7.094527,1.434815,-1.434815
-10.457602,-0.206809,1.234368,-8.717504,1.530712,-4.089843,-6.461076,0.455712,4.288345,3.286511,1.515259,3.680462,7.056404,1.284287,-1.284287
-8.473351,1.527026,4.574637,-1.993687,1.13016,-3.232786,-8.608461,-2.553911,1.511122,-0.759131,-2.394098,5.004069,7.127089,1.410345,-1.410345
-8.064573,1.884215,5.262771,-0.608504,1.047642,-3.056223,-9.050847,-3.173927,0.938982,-1.592579,-3.199469,5.276747,7.141651,1.40608,-1.40608
-6.994378,2.81935,7.064327,3.017951,0.831606,-2.593973,-10.209028,-4.797151,-0.558899,-3.774574,-5.30796,5.990627,7.179774,1.173194,-1.173194
-7.687023,2.214118,5.898335,0.67086,0.971427,-2.893147,-9.459438,-3.746578,0.41055,-2.362357,-3.943316,5.528594,7.1551,1.321898,-1.321898
-9.764957,0.398423,2.40036,-6.370413,1.390891,-3.790669,-7.210666,-0.59486,3.318896,1.874294,0.150615,4.142495,7.081078,1.395748,-1.395748
-8.913377,1.396627,4.159004,-3.664578,1.097764,-3.658773,-8.37457,-1.759841,2.9781,0.710105,-2.121307,4.677789,6.649191,1.442402,-1.442402
-8.855947,1.857945,4.781708,-3.76093,0.890029,-4.015706,-8.828791,-1.64201,4.274833,1.518654,-3.195802,4.663095,5.903345,1.397237,-1.397237
-8.705594,3.065689,6.411968,-4.013184,0.346173,-4.950166,-10.017955,-1.333526,7.669725,3.635462,-6.008865,4.624625,3.950694,1.198862,-1.198862
-8.984364,0.826408,3.3893,-3.545479,1.354538,-3.217581,-7.813123,-1.905487,1.375249,-0.289316,-0.793158,4.695952,7.571108,1.445231,-1.445231
-9.041794,0.365091,2.766596,-3.449127,1.562273,-2.860649,-7.358903,-2.023318,0.078516,-1.097865,0.281336,4.710646,8.316954,1.363634,-1.363634
-9.192148,-0.842654,1.136336,-3.196873,2.106129,-1.926188,-6.169739,-2.331802,-3.316376,-3.214673,3.0944,4.749116,10.269605,1.097892,-1.097892
-9.094837,-0.060985,2.191463,-3.360135,1.754138,-2.530984,-6.939382,-2.132147,-1.119156,-1.844646,1.273747,4.724218,9.005823,1.284615,-1.284615
-8.802904,2.28402,5.356841,-3.849922,0.698164,-4.345371,-9.248312,-1.533181,5.472505,2.265435,-4.188212,4.649523,5.214476,1.326083,-1.326083
-8.235633,1.414134,3.195475,-3.834354,1.175172,-2.813921,-8.530164,-1.953733,2.771843,0.301583,-1.947986,4.542817,6.716304,1.481028,-1.481028
-7.108871,1.684636,1.963348,-4.159638,1.191369,-1.634297,-9.020368,-2.205601,3.118849,0.065039,-2.231618,4.316713,6.433352,1.48588,-1.48588
-4.15897,2.392818,-1.262401,-5.011245,1.233771,1.453999,-10.303738,-2.864999,4.027323,-0.554242,-2.974176,3.724767,5.692575,1.463404,-1.463404
-2.153403,2.874294,-3.45551,-5.590231,1.262599,3.553657,-11.176271,-3.313308,4.644972,-0.975276,-3.479023,3.322317,5.188939,1.151511,-1.151511
-9.628387,1.079776,4.718467,-3.43228,1.155153,-4.272016,-7.924238,-1.642407,2.34292,0.593968,-1.597398,4.822296,7.066051,1.415301,-1.415301
-10.755149,0.809275,5.950594,-3.106995,1.138956,-5.45164,-7.434034,-1.39054,1.995913,0.830512,-1.313766,5.048399,7.349002,1.338984,-1.338984
-5.594102,2.048286,0.306932,-4.596937,1.213142,-0.048462,-9.679376,-2.544201,3.585349,-0.252961,-2.61292,4.01275,6.052964,1.4601,-1.4601
-7.264984,1.640809,1.857888,-4.172021,0.897515,-2.058007,-8.206796,-2.124268,3.569549,-0.523236,-2.715066,4.319483,6.952054,1.465744,-1.465744
-7.267625,1.629903,1.413921,-4.264216,0.425644,-2.481903,-6.999154,-2.048541,4.375775,-1.527558,-3.560221,4.273806,7.728563,1.421938,-1.421938
-7.274541,1.601349,0.2516,-4.505585,-0.809731,-3.591678,-3.837506,-1.850287,6.486503,-4.156909,-5.772864,4.154222,9.761489,1.211079,-1.211079
-7.261719,1.65429,2.406661,-4.058062,1.480781,-1.534042,-9.699524,-2.217871,2.572999,0.718175,-1.670398,4.375942,5.992236,1.483571,-1.483571
-7.259077,1.665197,2.850628,-3.965867,1.952652,-1.110146,-10.907166,-2.293597,1.766772,1.722497,-0.825243,4.421619,5.215727,1.462332,-1.462332
-7.252161,1.69375,4.012949,-3.724498,3.188027,-0.000372,-14.068814,-2.491852,-0.343956,4.351847,1.3874,4.541203,3.182801,1.279159,-1.279159
-7.256637,1.67527,3.260679,-3.880715,2.388476,-0.718633,-12.022553,-2.363539,1.022136,2.650096,-0.044653,4.463807,4.498539,1.420696,-1.420696
-7.270065,1.61983,1.00387,-4.349367,-0.01018,-2.873417,-5.883767,-1.9786,5.120412,-2.455157,-4.340811,4.231618,8.445751,1.368953,-1.368953
-8.145312,1.635695,2.548702,-4.16085,1.616246,-1.835862,-9.857371,-2.454705,3.03466,0.505945,-2.199692,4.772188,6.787035,1.465138,-1.465138
-9.57361,1.611333,3.011596,-4.278765,2.083149,-2.101686,-10.746741,-2.877665,3.358405,0.689782,-2.612432,5.437305,7.665409,1.176117,-1.176117
-6.379839,1.665808,1.976534,-4.015098,1.039122,-1.507285,-8.758049,-1.931899,2.634489,0.27871,-1.689516,3.950057,5.701306,1.361228,-1.361228
-7.657348,1.644018,2.390559,-4.120565,1.456733,-1.745046,-9.553526,-2.310205,2.924056,0.443139,-2.058683,4.544956,6.486947,1.546412,-1.546412
-8.934856,1.622228,2.804583,-4.226031,1.874343,-1.982806,-10.349003,-2.688511,3.213622,0.607567,-2.427849,5.139856,7.272588,1.325288,-1.325288
-5.262734,3.459491,1.523402,-7.411277,-0.372465,-1.619296,-12.847916,-1.64374,3.569684,-0.407517,-1.212613,4.409004,6.792149,0.944501,-0.944501
-7.223818,1.480956,2.838448,-4.409647,1.378565,-1.353383,-9.121356,-2.462167,2.635935,0.908635,-2.337708,4.464931,6.822776,1.356774,-1.356774
-8.002337,1.808591,1.913975,-3.824173,1.505958,-2.12023,-9.930565,-2.132024,3.192107,-0.033754,-1.754071,4.583752,6.096668,1.278817,-1.278817
-7.846633,1.743064,2.09887,-3.941268,1.480479,-1.96686,-9.768723,-2.198053,3.080873,0.154724,-1.870799,4.559988,6.24189,1.39016,-1.39016
-7.379522,1.546483,2.653553,-4.292552,1.404043,-1.506752,-9.283197,-2.396138,2.74717,0.720157,-2.220981,4.488695,6.677554,1.429447,-1.429447
-7.656122,2.171913,2.543685,-3.891089,0.955065,-1.449275,-9.570122,-1.769032,2.946182,0.467573,-1.786766,4.034688,6.72644,1.478845,-1.478845
-7.725771,3.024843,2.814664,-3.525704,0.166766,-0.984041,-9.641578,-0.914608,2.998219,0.51633,-1.367495,3.242413,7.157998,1.026655,-1.026655
-7.570033,1.117634,2.208738,-4.342731,1.929457,-2.024337,-9.481798,-2.825158,2.88186,0.407308,-2.305013,5.013994,6.193004,1.255645,-1.255645
-7.632328,1.880517,2.451108,-4.01592,1.224381,-1.608219,-9.54571,-2.060938,2.928404,0.450916,-1.930006,4.305362,6.579002,1.526306,-1.526306
-7.694623,2.643401,2.693479,-3.689109,0.519304,-1.1921,-9.609622,-1.296718,2.974948,0.494525,-1.554999,3.596729,6.964999,1.241065,-1.241065
-7.330721,1.883804,2.571563,-3.510101,1.564096,-1.426812,-9.245613,-2.056422,3.503093,0.616648,-1.430326,4.638138,6.728411,1.543288,-1.543288
-6.841214,1.870791,2.760639,-2.699523,2.13071,-1.14329,-8.758509,-2.06748,4.43184,0.88376,-0.630838,5.19361,6.960885,1.192982,-1.192982
-7.935785,1.89989,2.337852,-4.512031,0.863723,-1.777265,-9.847706,-2.042755,2.355098,0.28648,-2.418548,3.951537,6.441058,1.318396,-1.318396
-7.497956,1.88825,2.506967,-3.787028,1.370517,-1.523675,-9.412027,-2.052645,3.185795,0.525392,-1.703464,4.448366,6.648989,1.591649,-1.591649
-7.060128,1.876611,2.676081,-3.062025,1.877312,-1.270085,-8.976348,-2.062535,4.016492,0.764304,-0.98838,4.945195,6.856919,1.357791,-1.357791
-7.588663,1.318915,2.560987,-3.503091,0.922053,-1.417508,-9.408426,-2.621172,3.53039,0.583298,-1.419034,4.005963,6.541219,1.402282,-1.402282
-7.329221,2.455511,2.483086,-3.941756,1.909302,-1.584648,-9.337982,-1.48588,2.989244,0.510064,-1.860452,4.979313,6.793815,1.491067,-1.491067
-7.119327,3.375036,2.420063,-4.296644,2.708003,-1.719867,-9.280991,-0.56741,2.551448,0.450817,-2.217567,5.766769,6.99817,1.083204,-1.083204
-7.213194,2.963812,2.448247,-4.137933,2.350813,-1.659395,-9.306478,-0.978162,2.747236,0.477313,-2.057861,5.414608,6.90678,1.193558,-1.193558
-7.400929,2.141364,2.504617,-3.820512,1.636433,-1.538451,-9.357452,-1.799667,3.138813,0.530305,-1.738447,4.710286,6.723999,1.575688,-1.575688
-7.951742,2.290541,2.55224,-3.850021,1.336739,-0.942017,-8.932235,-2.024034,3.14984,0.46477,-1.703429,5.026702,6.21251,1.550977,-1.550977
-8.809893,2.676849,2.619363,-3.953704,0.977713,0.00172,-8.235236,-2.242301,3.098678,0.349393,-1.703055,5.662791,5.417112,1.490988,-1.490988
-11.056563,3.688216,2.795091,-4.225148,0.037772,2.472457,-6.410469,-2.81373,2.964733,0.047333,-1.702075,7.328095,3.334735,1.331006,-1.331006
-6.891008,1.813039,2.469273,-3.721862,1.780519,-2.108541,-9.793773,-1.754242,3.21308,0.607384,-1.703891,4.240452,7.195675,1.589449,-1.589449
-6.032857,1.426731,2.402151,-3.61818,2.139545,-3.052279,-10.490772,-1.535975,3.264243,0.722761,-1.704265,3.604363,7.991073,1.568027,-1.568027
-3.786188,0.415365,2.226422,-3.346735,3.079487,-5.523016,-12.315539,-0.964546,3.398188,1.024821,-1.705244,1.93906,10.07345,1.398513,-1.398513
-5.240263,1.069935,2.340156,-3.522418,2.471144,-3.923921,-11.134525,-1.334383,3.311497,0.829323,-1.704611,3.016867,8.725707,1.527066,-1.527066
-9.602488,3.033645,2.681357,-4.049466,0.646115,0.873362,-7.591483,-2.443893,3.051424,0.24283,-1.702709,6.250288,4.682478,1.439499,-1.439499
-6.840524,1.26495,2.331914,-3.531683,1.240758,-1.9457,-9.924127,-1.211913,3.146375,0.71658,-1.83739,4.818515,7.14212,1.576906,-1.576906
-6.657759,0.332622,2.101756,-3.211754,0.409696,-1.793378,-10.217144,-0.308697,3.044469,0.906854,-2.053441,5.678916,7.149155,1.521967,-1.521967
-6.179271,-2.108246,1.499196,-2.37417,-1.766055,-1.394596,-10.984271,2.055953,2.777677,1.404997,-2.619068,7.931475,7.167573,1.241049,-1.241049
-7.066435,2.417372,2.616404,-3.927137,2.268008,-2.133979,-9.561939,-2.328349,3.272337,0.481389,-1.570337,3.755001,7.133424,1.556129,-1.556129
-7.249201,3.3497,2.846562,-4.247066,3.099071,-2.2863,-9.268923,-3.231565,3.374243,0.291115,-1.354287,2.8946,7.12639,1.479513,-1.479513
-6.393257,-1.016657,1.768669,-2.748749,-0.79303,-1.572937,-10.641201,0.998449,2.89699,1.18222,-2.366112,6.9241,7.159336,1.372627,-1.372627
-7.242347,1.586148,1.903575,-3.106177,1.838929,-1.944198,-9.598009,-1.48998,3.015495,1.16831,-2.137217,4.214251,7.193404,1.563822,-1.563822
-7.77975,1.530646,1.068509,-2.220309,2.294057,-1.847792,-9.251118,-1.382652,2.740855,2.016616,-2.755641,3.767365,7.280723,1.515594,-1.515594
-9.186689,1.38534,-1.117721,0.098923,3.485598,-1.595397,-8.342945,-1.101665,2.021839,4.23751,-4.374697,2.597402,7.509328,1.270966,-1.270966
-6.57808,1.654752,2.935772,-4.201169,1.27636,-2.063363,-10.02679,-1.622644,3.354968,0.119746,-1.372802,4.766632,7.085471,1.574571,-1.574571
-6.040677,1.710254,3.770838,-5.087037,0.821232,-2.159769,-10.373681,-1.729971,3.629608,-0.72856,-0.754378,5.213519,6.998152,1.533911,-1.533911
-4.633738,1.85556,5.957068,-7.406269,-0.370308,-2.412164,-11.281853,-2.010958,4.348624,-2.949454,0.864678,6.383481,6.769548,1.271077,-1.271077
-5.544328,1.761516,4.54211,-5.905231,0.400873,-2.24881,-10.694072,-1.8291,3.883267,-1.512061,-0.183197,5.626266,6.917504,1.436531,-1.436531
-8.276099,1.479384,0.297237,-1.402115,2.714417,-1.75875,-8.930727,-1.283524,2.487196,2.800117,-3.326822,3.354618,7.361372,1.429898,-1.429898
-6.548081,2.103479,2.61227,-4.203185,0.802276,-2.375854,-10.123144,-2.113872,3.273674,0.507912,-1.225327,5.179824,7.417019,1.546758,-1.546758
-6.499542,2.829535,2.088831,-4.206446,0.03519,-2.881475,-10.279049,-2.908695,3.142138,1.135976,-0.986707,5.848383,7.953475,1.543634,-1.543634
-6.372464,4.730375,0.71845,-4.214983,-1.973065,-4.205209,-10.687214,-4.98957,2.797771,2.780271,-0.361992,7.598691,9.357935,1.385369,-1.385369
-6.608079,1.206025,3.259275,-4.199154,1.750445,-1.750871,-9.930435,-1.131416,3.436262,-0.268419,-1.520278,4.353441,6.753924,1.553708,-1.553708
-6.656619,0.479969,3.782714,-4.195893,2.51753,-1.24525,-9.77453,-0.336592,3.567799,-0.896484,-1.758897,3.684882,6.217468,1.508028,-1.508028
-6.783696,-1.42087,5.153095,-4.187356,4.525785,0.078484,-9.366366,1.744282,3.912166,-2.540779,-2.383612,1.934574,4.813008,1.331776,-1.331776
-6.70145,-0.190621,4.266166,-4.192881,3.226015,-0.778255,-9.630535,0.397512,3.689287,-1.476569,-1.979288,3.067397,5.721993,1.476221,-1.476221
-6.454711,3.500126,1.605379,-4.209458,-0.673295,-3.348471,-10.423044,-3.6428,3.02065,1.716061,-0.766316,6.465868,8.448949,1.526701,-1.526701
-6.774362,1.683951,2.427689,-4.915535,1.093652,-2.302743,-9.844721,-1.536669,3.611019,0.733388,-0.887957,4.822477,7.235469,1.578561,-1.578561
-7.11501,1.386293,1.854244,-6.069854,1.162417,-2.449879,-9.476066,-1.019989,4.087802,1.427928,-0.216814,4.595245,7.223334,1.559065,-1.559065
-8.006839,0.607014,0.352947,-9.0919,1.342447,-2.835087,-8.510915,0.332698,5.336036,3.246258,1.540262,4.000345,7.191565,1.389633,-1.389633
-6.353297,2.051877,3.136505,-3.488719,1.008653,-2.120872,-10.300403,-2.175321,3.021683,-0.12511,-1.717535,5.103351,7.250469,1.558343,-1.558343
-6.012649,2.349535,3.709949,-2.3344,0.939888,-1.973736,-10.669058,-2.692001,2.5449,-0.81965,-2.388678,5.330582,7.262604,1.552418,-1.552418
-5.12082,3.128814,5.211247,0.687646,0.759858,-1.588528,-11.634209,-4.044688,1.296666,-2.63798,-4.145754,5.925483,7.294373,1.354598,-1.354598
-5.698024,2.624454,4.239587,-1.268263,0.876376,-1.83784,-11.00955,-3.169211,2.10454,-1.461132,-3.008551,5.540455,7.273811,1.491037,-1.491037
-7.429636,1.111374,1.324607,-7.135991,1.225929,-2.585775,-9.135574,-0.542779,4.528162,2.06941,0.403058,4.385372,7.212126,1.497175,-1.497175
-6.577113,2.068053,3.030654,-4.396992,0.952816,-2.414151,-10.260113,-1.730298,4.044196,0.807954,-1.771696,4.926755,6.85731,1.568704,-1.568704
-6.529255,2.452484,3.549574,-4.477286,0.779704,-2.711594,-10.638629,-1.632106,5.124807,1.481745,-2.667108,4.914509,6.235772,1.586539,-1.586539
-6.40396,3.458938,4.908123,-4.687497,0.32649,-3.490312,-11.6296,-1.375036,7.953884,3.245751,-5.011328,4.882451,4.608562,1.388054,-1.388054
-6.636269,1.59287,2.389234,-4.297743,1.166794,-2.04649,-9.79224,-1.85167,2.708487,-0.024897,-0.664905,4.941891,7.625574,1.553702,-1.553702
-6.684128,1.208439,1.870314,-4.21745,1.339906,-1.749047,-9.413723,-1.949863,1.627876,-0.698687,0.230507,4.954136,8.247113,1.477201,-1.477201
-6.459994,3.008838,4.300562,-4.593488,0.529173,-3.142059,-11.186424,-1.490001,6.688682,2.456864,-3.962961,4.896788,5.336272,1.453205,-1.453205
-5.984534,2.305888,2.529059,-4.5851,0.916793,-1.882838,-10.609585,-1.834853,4.499845,0.858801,-2.147244,4.807167,6.552299,1.599556,-1.599556
-5.045566,2.531306,1.502287,-4.85617,0.93029,-0.899818,-11.018088,-2.044743,4.789016,0.661681,-2.383603,4.618747,6.316506,1.550789,-1.550789
-2.587315,3.121458,-1.185838,-5.565842,0.965626,1.673762,-12.087564,-2.594242,5.546078,0.145614,-3.002401,4.125459,5.699192,1.393914,-1.393914
-7.145163,2.027256,3.798219,-4.250038,0.90011,-3.097917,-10.104647,-1.575415,4.142409,1.102455,-1.855087,5.040066,6.843755,1.554337,-1.554337
-8.084131,1.801838,4.824991,-3.978968,0.886614,-4.080937,-9.696144,-1.365526,3.853237,1.299575,-1.618727,5.228486,7.079548,1.492695,-1.492695
-3.686678,2.857534,0.016328,-5.248467,0.949823,0.522822,-11.60928,-2.348499,5.20751,0.376406,-2.725667,4.346064,5.975263,1.460965,-1.460965
-6.017382,2.292712,2.334835,-4.623492,0.673314,-2.134121,-9.973916,-1.788814,4.905377,0.348157,-2.574596,4.789961,6.96013,1.575306,-1.575306
-6.019584,2.283623,1.964863,-4.700321,0.280088,-2.487368,-8.967548,-1.725708,5.577232,-0.488778,-3.278891,4.751896,7.607221,1.538212,-1.538212
-6.025347,2.259829,0.996262,-4.901462,-0.749392,-3.41218,-6.332841,-1.560496,7.336172,-2.679903,-5.122761,4.652243,9.301326,1.328096,-1.328096
-6.014662,2.303946,2.792147,-4.528527,1.159368,-1.697484,-11.217856,-1.866816,4.074918,1.382666,-1.704039,4.83701,6.160282,1.581763,-1.581763
-6.01246,2.313035,3.162119,-4.451698,1.552594,-1.344237,-12.224224,-1.929922,3.403063,2.219601,-0.999743,4.875074,5.513191,1.578969,-1.578969
-6.006697,2.336829,4.13072,-4.250557,2.582073,-0.419425,-14.858931,-2.095133,1.644123,4.410727,0.844126,4.974727,3.819086,1.393188,-1.393188
-6.010427,2.321429,3.503828,-4.380738,1.91578,-1.017976,-13.153713,-1.988206,2.782533,2.992601,-0.349251,4.910231,4.915534,1.540934,-1.540934
-6.021617,2.275229,1.623154,-4.771281,-0.083099,-2.813629,-8.038059,-1.667424,6.197762,-1.261777,-3.929383,4.71674,8.204878,1.461666,-1.461666
-6.750805,2.289212,2.941548,-4.607738,1.305241,-1.919369,-11.433812,-2.069471,4.403279,1.276012,-2.086039,5.170408,6.768335,1.549379,-1.549379
-7.941053,2.26891,3.327293,-4.706001,1.694326,-2.140889,-12.174954,-2.421938,4.673067,1.42921,-2.429989,5.724672,7.500313,1.304171,-1.304171
-5.279577,2.314307,2.464742,-4.486279,0.824304,-1.645555,-10.51771,-1.633799,4.069803,1.086649,-1.660893,4.485299,5.863561,1.49882,-1.49882
-4.089329,2.334609,2.078997,-4.388017,0.435219,-1.424035,-9.776569,-1.281333,3.800016,0.933452,-1.316942,3.931035,5.131583,1.210571,-1.210571
-4.859674,2.321469,2.328656,-4.451614,0.68704,-1.567406,-10.256246,-1.509454,3.974626,1.032603,-1.539552,4.289762,5.605329,1.396922,-1.396922
-7.170708,2.28205,3.077634,-4.642404,1.442505,-1.997518,-11.695277,-2.193817,4.498457,1.330058,-2.20738,5.365945,7.026567,1.502027,-1.502027
-4.760528,2.952892,3.141313,-5.005443,0.799481,-1.891996,-12.63928,-1.507814,5.636858,1.969397,-1.800225,5.291195,6.383249,1.58478,-1.58478
-5.606697,2.564856,2.914356,-4.741872,0.990153,-1.845961,-11.715757,-1.741943,4.829166,1.514964,-1.873098,5.063718,6.405933,1.596481,-1.596481
-4.668067,2.995292,3.166112,-5.034243,0.778647,-1.897026,-12.740193,-1.48223,5.725114,2.019053,-1.792262,5.316051,6.38077,1.580884,-1.580884
-2.210701,4.122188,3.825219,-5.799681,0.224915,-2.030717,-15.422203,-0.802293,8.070737,3.338778,-1.58063,5.976667,6.314891,1.272523,-1.272523
-6.766908,2.032808,2.603168,-4.380481,1.251589,-1.782841,-10.449483,-2.062966,3.721713,0.891874,-1.973017,4.751818,6.437037,1.578565,-1.578565
-7.705538,1.602373,2.351412,-4.08811,1.463096,-1.731776,-9.425047,-2.322679,2.825765,0.387785,-2.053853,4.499485,6.462201,1.492007,-1.492007
-3.309668,3.618225,3.530458,-5.457367,0.472551,-1.970929,-14.222772,-1.10637,7.021743,2.748579,-1.675275,5.681231,6.344353,1.423914,-1.423914
-5.4226,2.36401,3.261926,-4.942122,0.968684,-1.51881,-11.225477,-1.918318,4.463522,1.832286,-2.128361,4.976496,6.712239,1.499907,-1.499907
-6.071365,2.637039,2.491532,-4.454227,1.074845,-2.157849,-11.899817,-1.6432,4.926998,1.046962,-1.641997,5.075514,6.10715,1.380121,-1.380121
-5.941612,2.582433,2.645611,-4.551806,1.053612,-2.030041,-11.764949,-1.698223,4.834303,1.204026,-1.73927,5.055711,6.228167,1.50271,-1.50271
-5.552353,2.418616,3.107847,-4.844543,0.989916,-1.646617,-11.360345,-1.863295,4.556217,1.675221,-2.031089,4.9963,6.591221,1.582639,-1.582639
-5.782853,2.939808,3.016291,-4.509991,0.615768,-1.59872,-11.599449,-1.340707,4.722061,1.464734,-1.669243,4.617961,6.631959,1.470482,-1.470482
-5.711112,2.061241,2.737168,-4.886359,1.427761,-2.077938,-11.525845,-2.220812,4.668459,1.414513,-2.101116,5.434049,6.187429,1.447811,-1.447811
-5.72546,2.236955,2.792992,-4.811085,1.265362,-1.982095,-11.540566,-2.044791,4.67918,1.424557,-2.014741,5.270832,6.276335,1.542509,-1.542509
-5.768505,2.764094,2.960466,-4.585264,0.778166,-1.694564,-11.584728,-1.516728,4.71134,1.45469,-1.755617,4.781179,6.543053,1.577986,-1.577986
-5.855083,2.026943,2.909188,-4.515398,0.610411,-1.768688,-11.591999,-2.253797,4.920737,1.470138,-1.701255,4.620443,6.304446,1.313662,-1.313662
-5.638881,2.974106,2.84427,-4.880952,1.433118,-1.907971,-11.533295,-1.307721,4.469782,1.40911,-2.069104,5.431568,6.514943,1.484514,-1.484514
-5.682122,2.784673,2.857254,-4.807841,1.268577,-1.880114,-11.545036,-1.496936,4.559973,1.421315,-1.995534,5.269343,6.472843,1.552099,-1.552099
-5.811843,2.216376,2.896205,-4.588509,0.774952,-1.796544,-11.580258,-2.064582,4.830546,1.457932,-1.774825,4.782668,6.346545,1.580854,-1.580854
-6.188955,2.699484,2.911299,-4.751574,0.836856,-1.352278,-11.203673,-1.893173,4.66891,1.380201,-1.884987,5.353609,6.000042,1.578231,-1.578231
-6.904081,3.021407,2.967234,-4.837976,0.537668,-0.56583,-10.62284,-2.075061,4.626275,1.284054,-1.884675,5.883684,5.337211,1.560652,-1.560652
-8.776305,3.864212,3.113674,-5.06418,-0.245617,1.493118,-9.102201,-2.551253,4.514654,1.032337,-1.883859,7.271437,3.601896,1.396684,-1.396684
-5.30501,2.301565,2.842159,-4.644775,1.206673,-2.324381,-11.921621,-1.668346,4.72161,1.499046,-1.885372,4.698401,6.819346,1.707696,-1.707696
-4.589884,1.979642,2.786224,-4.558373,1.505861,-3.110829,-12.502454,-1.486457,4.764245,1.595193,-1.885684,4.168327,7.482178,1.564721,-1.564721
-7.939021,3.487298,3.048184,-4.963019,0.104678,0.572328,-9.782252,-2.338293,4.564572,1.144908,-1.884224,6.650815,4.377952,1.470358,-1.470358
-5.531997,1.965944,2.748739,-4.518801,0.644306,-1.892788,-11.811719,-1.284838,4.649981,1.553869,-1.996504,5.379554,6.525335,1.561511,-1.561511
-5.379692,1.189004,2.556941,-4.252193,-0.048246,-1.765854,-12.055899,-0.532158,4.56506,1.71243,-2.176546,6.096555,6.531198,1.539931,-1.539931
-4.980953,-0.845052,2.054807,-3.554206,-1.861372,-1.433535,-12.695172,1.438383,4.342733,2.127549,-2.647902,7.973687,6.546546,1.289797,-1.289797
-5.720256,2.926295,2.985814,-4.848345,1.500348,-2.049688,-11.509895,-2.215202,4.75495,1.357876,-1.77396,4.493293,6.518089,1.611413,-1.611413
-5.872561,3.703236,3.177612,-5.114953,2.1929,-2.176622,-11.265715,-2.967882,4.839871,1.199315,-1.593918,3.776292,6.512226,1.557113,-1.557113
-6.2713,5.737292,3.679746,-5.81294,4.006025,-2.508941,-10.626442,-4.938423,5.062198,0.784196,-1.122561,1.899159,6.496878,1.505281,-1.505281
-6.013231,4.420823,3.354758,-5.361193,2.832546,-2.29386,-11.040188,-3.663062,4.918305,1.052866,-1.42763,3.114065,6.506812,1.453084,-1.453084
-5.239023,0.471417,2.379795,-4.005953,-0.687892,-1.648616,-12.281426,0.163022,4.486626,1.858878,-2.342834,6.758782,6.536612,1.486044,-1.486044
-6.062601,3.232181,2.6383,-4.506872,2.032893,-2.054681,-11.226117,-2.483952,4.650061,1.726517,-2.014958,3.954466,6.560537,1.59564,-1.59564
-6.510437,3.18593,1.942412,-3.768649,2.412167,-1.974342,-10.937041,-2.394513,4.421194,2.433439,-2.530312,3.582061,6.633303,1.483934,-1.483934
-5.509046,3.289352,3.498465,-5.419366,1.564086,-2.153985,-11.583435,-2.594505,4.932955,0.852714,-1.377946,4.414784,6.470593,1.561153,-1.561153
-5.06121,3.335603,4.194353,-6.157589,1.184813,-2.234323,-11.872511,-2.683945,5.161822,0.145793,-0.862592,4.787189,6.397827,1.491389,-1.491389
-5.351055,3.305669,3.743965,-5.679801,1.430283,-2.182327,-11.685417,-2.626059,5.013696,0.603322,-1.196136,4.546164,6.444922,1.539704,-1.539704
-6.220591,3.215864,2.3928,-4.246437,2.166696,-2.026338,-11.124135,-2.452399,4.56932,1.97591,-2.196768,3.823087,6.586208,1.591701,-1.591701
-5.796696,3.631001,2.743056,-4.905666,1.433799,-2.358307,-11.461916,-2.941421,4.705431,1.669712,-1.614836,4.499122,6.797684,1.60643,-1.60643
-5.756247,4.236048,2.306857,-4.908384,0.794561,-2.779658,-11.591837,-3.603774,4.595817,2.193099,-1.415986,5.056254,7.24473,1.532429,-1.532429
-5.650348,5.82008,1.164873,-4.915498,-0.878984,-3.88277,-11.931974,-5.337836,4.308845,3.563345,-0.895391,6.514844,8.415113,1.431255,-1.431255
-5.846694,2.883122,3.282227,-4.902307,2.22394,-1.837488,-11.301325,-2.122708,4.840921,1.02277,-1.860628,3.810469,6.245104,1.562834,-1.562834
-5.887144,2.278076,3.718426,-4.89959,2.863178,-1.416137,-11.171405,-1.460355,4.950534,0.499382,-2.059478,3.253337,5.798057,1.53966,-1.53966
-5.993042,0.694043,4.86041,-4.892476,4.536724,-0.313025,-10.831268,0.273707,5.237507,-0.870863,-2.580074,1.794747,4.627674,1.402387,-1.402387
-5.924503,1.719251,4.121303,-4.89708,3.453582,-1.026974,-11.051409,-0.848602,5.051774,0.015978,-2.243137,2.738766,5.385162,1.503669,-1.503669
-5.718887,4.794873,1.90398,-4.910894,0.204157,-3.168821,-11.711833,-4.215528,4.494577,2.676503,-1.232327,5.570825,7.657625,1.512423,-1.512423
-5.992049,3.179889,2.662417,-5.498836,1.783854,-2.226693,-11.2081,-2.349299,5.00494,1.769803,-1.367055,4.107865,6.571393,1.551201,-1.551201
-6.275923,2.93184,2.184547,-6.460768,1.841159,-2.349306,-10.900888,-1.918732,5.402259,2.348586,-0.807769,3.918505,6.56128,1.528375,-1.528375
-7.019114,2.282441,0.933466,-8.97914,1.991184,-2.670313,-10.096596,-0.791493,6.442454,3.863861,0.656461,3.422755,6.534806,1.40511,-1.40511
-5.641162,3.486493,3.253097,-4.309822,1.713022,-2.075134,-11.587836,-2.881509,4.513827,1.054388,-2.05837,4.341927,6.583893,1.570167,-1.570167
-5.357288,3.734542,3.730968,-3.34789,1.655718,-1.952521,-11.895048,-3.312076,4.116508,0.475604,-2.617656,4.531287,6.594005,1.566497,-1.566497
-4.614097,4.383941,4.982049,-0.829518,1.505693,-1.631514,-12.69934,-4.439315,3.076313,-1.03967,-4.081885,5.027037,6.62048,1.450344,-1.450344
-5.095101,3.963641,4.172332,-2.459442,1.602791,-1.839274,-12.178791,-3.709751,3.749541,-0.058964,-3.134216,4.70618,6.603345,1.533189,-1.533189
-6.538111,2.702741,1.743182,-7.349215,1.894086,-2.462553,-10.617145,-1.521058,5.769226,2.883155,-0.291208,3.743611,6.551941,1.469466,-1.469466
-5.684803,3.624815,3.405398,-4.58258,1.63765,-2.257822,-11.708879,-2.727359,5.165952,1.540642,-2.384989,4.290067,6.26135,1.54606,-1.54606
-5.644921,3.945174,3.837831,-4.649492,1.49339,-2.505692,-12.02431,-2.645533,6.066462,2.102135,-3.131166,4.279863,5.743401,1.51928,-1.51928
-5.540509,4.783885,4.969956,-4.824668,1.115712,-3.154623,-12.850118,-2.431307,8.424025,3.57214,-5.084683,4.253148,4.387393,1.333357,-1.333357
-5.7341,3.228829,2.870881,-4.499873,1.815965,-1.951439,-11.318985,-2.828503,4.052862,0.8466,-1.462664,4.30268,6.90157,1.5764,-1.5764
-5.773982,2.90847,2.438448,-4.432962,1.960225,-1.703569,-11.003554,-2.91033,3.152352,0.285108,-0.716487,4.312885,7.419519,1.562416,-1.562416
-5.878394,2.069759,1.306323,-4.257785,2.337903,-1.054638,-10.177746,-3.124555,0.794788,-1.184898,1.237029,4.3396,8.775526,1.407017,-1.407017
-5.810817,2.612584,2.03905,-4.371162,2.093465,-1.474635,-10.71222,-2.985905,2.320636,-0.23349,-0.027313,4.32231,7.8979,1.49975,-1.49975
-5.608086,4.24106,4.23723,-4.711292,1.36015,-2.734626,-12.315644,-2.569957,6.898178,2.620732,-3.82034,4.270438,5.26502,1.505004,-1.505004
-5.240911,3.421992,2.446092,-4.655579,1.788213,-1.504784,-11.605257,-2.916918,4.418422,0.880151,-1.763898,4.203184,6.655531,1.55569,-1.55569
-4.458437,3.609841,1.590448,-4.881471,1.79946,-0.6856,-11.945676,-3.091826,4.659399,0.715885,-1.960865,4.046168,6.459036,1.554601,-1.554601
-2.409894,4.101634,-0.649655,-5.472864,1.828906,1.45905,-12.836906,-3.549741,5.290283,0.285828,-2.47653,3.635094,5.944608,1.394794,-1.394794
-6.208101,3.189799,3.503725,-4.376361,1.77431,-2.51735,-11.184475,-2.700719,4.120559,1.083196,-1.520434,4.397267,6.898411,1.566812,-1.566812
-6.990575,3.001951,4.359369,-4.150469,1.763063,-3.336533,-10.844056,-2.525811,3.879582,1.247463,-1.323468,4.554283,7.094905,1.534592,-1.534592
-9.039117,2.510158,6.599472,-3.559075,1.733617,-5.481183,-9.952826,-2.067895,3.248698,1.677519,-0.807803,4.965357,7.609333,1.401057,-1.401057
-7.713273,2.828453,5.149647,-3.941833,1.752675,-4.093137,-10.529642,-2.364265,3.657015,1.399181,-1.141548,4.699305,7.276388,1.504076,-1.504076
-3.735739,3.783339,0.80017,-5.090106,1.809849,0.071003,-12.26009,-3.253372,4.881966,0.564167,-2.142784,3.901147,6.277553,1.503406,-1.503406
-5.72564,3.301215,2.784362,-4.555539,1.578739,-2.192999,-10.876558,-2.776317,4.615515,0.550629,-2.004898,4.280622,7.110241,1.57722,-1.57722
-5.727474,3.293641,2.476052,-4.619563,1.251051,-2.487371,-10.037917,-2.72373,5.175394,-0.146818,-2.591811,4.248902,7.649483,1.548491,-1.548491
-5.732277,3.273812,1.668885,-4.78718,0.393151,-3.258048,-7.842328,-2.586053,6.641178,-1.972755,-4.128369,4.165857,9.061237,1.390442,-1.390442
-5.723372,3.310577,3.165455,-4.476401,1.983784,-1.829135,-11.913174,-2.841319,3.923466,1.412719,-1.279434,4.31983,6.443701,1.573606,-1.573606
-5.721538,3.318151,3.473765,-4.412376,2.311473,-1.534762,-12.751814,-2.893907,3.363587,2.110165,-0.692521,4.35155,5.904459,1.560771,-1.560771
0,0,0,0,0,0,0,0,0,0,0,0,0,0.4105,-0.4105
0.560533,-0.235897,0.66562,-0.421541,-0.091723,0.55213,0.58263,-0.237703,-0.400443,0.67852,-0.420219,-0.085551,0.522797,0.393597,-0.393597
1.467495,-0.617587,1.742617,-1.10361,-0.240133,1.445495,1.525346,-0.622314,-1.048375,1.776388,-1.100147,-0.223976,1.368701,0.353939,-0.353939
2.812776,-1.18374,3.340105,-2.115309,-0.460267,2.770607,2.923659,-1.1928,-2.009439,3.404836,-2.108671,-0.4293,2.623414,0.301583,-0.301583
-0.560533,0.235897,-0.66562,0.421541,0.091723,-0.55213,-0.58263,0.237703,0.400443,-0.67852,0.420219,0.085551,-0.522797,0.399605,-0.399605
-1.467495,0.617587,-1.742617,1.10361,0.240133,-1.445495,-1.525346,0.622314,1.048375,-1.776388,1.100147,0.223976,-1.368701,0.378635,-0.378635
-2.812776,1.18374,-3.340105,2.115309,0.460267,-2.770607,-2.923659,1.1928,2.009439,-3.404836,2.108671,0.4293,-2.623414,0.332117,-0.332117
-4.158056,1.749893,-4.937594,3.127008,0.680402,-4.095718,-4.321972,1.763287,2.970503,-5.033283,3.117196,0.634623,-3.878128,0.268306,-0.268306
-0.424043,0.911451,-0.188774,0.597463,-0.642317,0.057414,-0.439925,0.913947,0.304965,-0.394877,0.644565,-0.649841,0.04639,0.394016,-0.394016
-0.524337,2.13967,0.201435,1.123618,-1.777468,0.727352,-0.54282,2.144317,0.379899,-0.324668,1.248315,-1.790717,0.667834,0.358317,-0.358317
-0.6731,3.961465,0.780225,1.904055,-3.461217,1.721058,-0.695444,3.969303,0.491047,-0.220528,2.143846,-3.482958,1.589611,0.300786,-0.300786
-0.300074,-0.606711,-0.671098,-0.052901,0.760807,-0.770675,-0.312738,-0.606874,0.212342,-0.481659,-0.101711,0.760359,-0.721758,0.404747,-0.404747
-0.19978,-1.83493,-1.061307,-0.579056,1.895958,-1.440613,-0.209842,-1.837245,0.137408,-0.551868,-0.705461,1.901235,-1.343202,0.42218,-0.42218
-0.051017,-3.656725,-1.640097,-1.359493,3.579707,-2.434319,-0.057219,-3.66223,0.02626,-0.656008,-1.600993,3.593476,-2.264979,0.380556,-0.380556
0.097746,-5.47852,-2.218887,-2.139929,5.263456,-3.428026,0.095405,-5.487216,-0.084888,-0.760147,-2.496524,5.285716,-3.186756,0.323219,-0.323219
0.174682,-1.097237,-0.654989,0.463314,1.707729,-0.779591,0.160893,-1.096498,1.009678,-0.271316,0.374376,1.699597,-0.757196,0.383342,-0.383342
0.879572,-1.115976,-0.38272,1.630547,2.523653,-0.371319,0.862322,-1.112421,2.347074,0.113324,1.525639,2.499476,-0.422433,0.349562,-0.349562
1.925123,-1.143772,0.021132,3.361882,3.733898,0.234264,1.902739,-1.136039,4.33081,0.683855,3.233286,3.685923,0.074113,0.283643,-0.283643
-0.696611,-1.074074,-0.991532,-0.979465,0.699191,-1.284244,-0.706121,-1.076817,-0.643435,-0.746758,-1.048664,0.710892,-1.170985,0.461657,-0.461657
-1.401501,-1.055335,-1.263801,-2.146698,-0.116733,-1.692516,-1.40755,-1.060894,-1.980832,-1.131399,-2.199926,-0.088988,-1.505747,0.493643,-0.493643
-2.447052,-1.027539,-1.667653,-3.878033,-1.326979,-2.298099,-2.447967,-1.037276,-3.964567,-1.70193,-3.907574,-1.275434,-2.002293,0.482414,-0.482414
-3.492603,-0.999743,-2.071504,-5.609368,-2.537224,-2.903682,-3.488384,-1.013658,-5.948303,-2.27246,-5.615221,-2.461881,-2.49884,0.445964,-0.445964
-4.538153,-0.971948,-2.475356,-7.340703,-3.747469,-3.509265,-4.528801,-0.990041,-7.932038,-2.842991,-7.322868,-3.648327,-2.995387,0.36204,-0.36204
-2.101246,-1.860047,-1.405841,-2.68025,-1.421298,-1.869274,-1.968697,-1.866717,-2.564425,-1.358573,-2.719875,-1.371869,-1.931222,0.501954,-0.501954
-2.403493,-3.184163,-1.315088,-2.169212,-2.571428,-1.674558,-2.050764,-3.189314,-1.933999,-1.273256,-2.20563,-2.505806,-2.225493,0.459112,-0.459112
-2.85181,-5.1482,-1.180475,-1.411199,-4.277394,-1.38574,-2.172492,-5.151098,-0.998898,-1.146708,-1.442859,-4.187754,-2.66198,0.36847,-0.36847
-1.727648,-0.223349,-1.518019,-3.311928,0.000341,-2.109955,-1.867258,-0.231897,-3.343676,-1.464029,-3.355518,0.029754,-1.567483,0.500156,-0.500156
-1.425402,1.100767,-1.608773,-3.822966,1.150471,-2.304671,-1.785191,1.0907,-3.974102,-1.549346,-3.869763,1.163692,-1.273211,0.476159,-0.476159
-0.977085,3.064804,-1.743386,-4.580979,2.856437,-2.593488,-1.663463,3.052483,-4.909203,-1.675894,-4.632534,2.84564,-0.836724,0.416865,-0.416865
-0.528768,5.028841,-1.877999,-5.338992,4.562403,-2.882306,-1.541735,5.014267,-5.844303,-1.802442,-5.395305,4.527588,-0.400237,0.338198,-0.338198
-0.994475,-0.264328,-1.61943,-3.039786,-0.460937,-2.663766,-1.157191,-0.26482,-3.663377,-1.366056,-3.08017,-0.352282,-2.539098,0.456526,-0.456526
0.26163,-0.024824,-1.804476,-2.717478,-0.941675,-3.60482,0.010673,-0.012632,-4.326264,-1.227236,-2.753414,-0.708543,-4.043242,0.397135,-0.397135
-2.547106,-0.560371,-1.3907,-3.438182,0.133287,-1.500559,-2.600752,-0.576541,-2.844004,-1.537647,-3.484062,0.088082,-0.679874,0.55846,-0.55846
-3.80321,-0.799875,-1.205654,-3.760491,0.614025,-0.559504,-3.768616,-0.828729,-2.181117,-1.676467,-3.810818,0.444343,0.824271,0.637313,-0.637313
-5.666368,-1.155126,-0.931178,-4.238565,1.327094,0.836344,-5.500889,-1.202794,-1.197868,-1.882376,-4.295489,0.972778,3.05534,0.822771,-0.822771
-7.529525,-1.510378,-0.656703,-4.71664,2.040163,2.232192,-7.233161,-1.576859,-0.21462,-2.088286,-4.780159,1.501214,5.28641,0.892072,-0.892072
-9.392682,-1.865629,-0.382227,-5.194714,2.753232,3.628041,-8.965433,-1.950925,0.768628,-2.294195,-5.26483,2.02965,7.51748,0.740722,-0.740722
-9.10495,-1.321344,-0.477389,-5.01719,2.031295,3.6802,-7.36753,-1.934074,0.168206,-2.280673,-4.990977,2.297531,5.550512,0.84204,-0.84204
-10.340688,-0.765061,-0.380733,-5.166493,1.514298,5.039182,-6.363851,-2.248378,0.094532,-2.446816,-4.990438,3.213499,4.40514,0.800204,-0.800204
-12.173636,0.060064,-0.237365,-5.387952,0.747445,7.054935,-4.875114,-2.714579,-0.014747,-2.693252,-4.989639,4.572139,2.70623,0.741006,-0.741006
-7.577494,-2.008947,-0.596862,-4.832642,2.670338,2.000406,-8.608145,-1.545573,0.259272,-2.075309,-4.991642,1.165331,6.96627,0.85201,-0.85201
-6.341756,-2.56523,-0.693518,-4.683339,3.187335,0.641424,-9.611824,-1.231269,0.332946,-1.909167,-4.992181,0.249363,8.111642,0.836975,-0.836975
-4.508809,-3.390355,-0.836886,-4.461881,3.954188,-1.374329,-11.100561,-0.765068,0.442225,-1.66273,-4.99298,-1.109277,9.810552,0.844708,-0.844708
-2.675861,-4.215479,-0.980254,-4.240422,4.72104,-3.390082,-12.589299,-0.298867,0.551504,-1.416294,-4.993779,-2.467916,11.509462,0.817486,-0.817486
-0.842914,-5.040603,-1.123622,-4.018964,5.487892,-5.405835,-14.078037,0.167335,0.660783,-1.169858,-4.994578,-3.826555,13.208371,0.765867,-0.765867
0.990034,-5.865728,-1.26699,-3.797505,6.254745,-7.421588,-15.566775,0.633536,0.770062,-0.923421,-4.995377,-5.185195,14.907281,0.727942,-0.727942
-5.885312,-3.527226,-0.921331,-4.363116,2.570628,0.453897,-10.111217,-0.352711,0.259768,-1.70033,-5.184587,0.797327,8.390208,0.845272,-0.845272
-5.622129,-4.869779,-1.252758,-3.902419,1.373898,0.673239,-10.533161,0.94792,0.113024,-1.426336,-5.4957,2.036305,8.400338,0.790384,-0.790384
-5.231755,-6.861163,-1.744357,-3.219075,-0.40119,0.998586,-11.159022,2.877121,-0.104638,-1.019926,-5.957168,3.874057,8.415364,0.716856,-0.716856
-6.210624,-1.867739,-0.511664,-4.93257,4.049868,0.182774,-9.589666,-1.96038,0.441154,-2.039005,-4.800031,-0.734133,8.377686,0.847895,-0.847895
-6.473807,-0.525186,-0.180237,-5.393267,5.246598,-0.036568,-9.167722,-3.261011,0.587898,-2.312999,-4.488918,-1.97311,8.367556,0.8374,-0.8374
-6.864181,1.466198,0.311362,-6.076611,7.021686,-0.361915,-8.54186,-5.190212,0.805561,-2.719409,-4.02745,-3.810862,8.352529,0.806065,-0.806065
-7.254555,3.457582,0.802962,-6.759955,8.796774,-0.687262,-7.915999,-7.119414,1.023223,-3.12582,-3.565983,-5.648615,8.337503,0.749041,-0.749041
-6.791524,-1.393606,-1.125607,-4.323824,4.921583,0.18304,-9.116406,-2.372043,0.253956,-1.390883,-5.229091,-1.614987,8.451447,0.836269,-0.836269
-7.565384,-1.473528,-2.328101,-3.048175,5.576967,0.321865,-8.616883,-2.217491,-0.141525,-0.169323,-6.119622,-2.258503,8.577187,0.819449,-0.819449
-8.713237,-1.592077,-4.111739,-1.156027,6.549087,0.527781,-7.87595,-1.988248,-0.728135,1.642596,-7.44053,-3.213018,8.763694,0.77173,-0.77173
-9.861089,-1.710625,-5.895377,0.73612,7.521206,0.733698,-7.135016,-1.759004,-1.314745,3.454514,-8.761439,-4.167533,8.950201,0.70428,-0.70428
-5.83498,-1.294815,0.360758,-5.900614,4.111484,0.011443,-9.733851,-2.563079,0.742798,-2.900815,-4.128334,-0.819558,8.296024,0.859634,-0.859634
-5.06112,-1.214892,1.563252,-7.176263,3.456099,-0.127382,-10.233374,-2.717631,1.138279,-4.122376,-3.237803,-0.176042,8.170285,0.841452,-0.841452
-3.913267,-1.096344,3.34689,-9.068411,2.48398,-0.333298,-10.974307,-2.946874,1.724889,-5.934294,-1.916894,0.778474,7.983777,0.813775,-0.813775
-2.765415,-0.977796,5.130528,-10.960558,1.51186,-0.539215,-11.715241,-3.176118,2.311499,-7.746212,-0.595986,1.732989,7.79727,0.768276,-0.768276
-5.743147,-0.643625,-0.029513,-5.983686,3.387613,-0.447269,-9.903995,-3.28016,0.650589,-2.418628,-3.860003,-0.184119,8.765551,0.859329,-0.859329
-5.67325,0.401895,-0.783265,-5.988382,2.28301,-1.175364,-10.128498,-4.424706,0.461177,-1.514215,-3.51639,0.778605,9.538047,-2.187843,2.187843
-5.829544,-1.93596,0.902175,-5.977882,4.752977,0.452706,-9.626494,-1.865424,0.884716,-3.536544,-4.284731,-1.374111,7.810693,0.846772,-0.846772
-5.899441,-2.98148,1.655927,-5.973186,5.857579,1.180801,-9.401991,-0.720878,1.074128,-4.440958,-4.628344,-2.336835,7.038196,0.810242,-0.810242
-6.003117,-4.532282,2.773953,-5.966221,7.496016,2.26077,-9.068989,0.976805,1.35508,-5.782457,-5.138018,-3.764826,5.892367,0.770106,-0.770106
-6.106794,-6.083083,3.891979,-5.959256,9.134453,3.34074,-8.735988,2.674489,1.636032,-7.123957,-5.647692,-5.192817,4.746537,0.705993,-0.705993
-6.246845,-3.908097,1.622628,-6.997522,6.617881,1.510665,-8.931811,0.463334,1.618329,-4.395242,-4.24852,-3.148372,6.538484,0.775372,-0.775372
-5.640512,-3.378284,2.643324,-4.942906,6.495483,1.772558,-9.587994,-0.456325,0.769685,-5.63148,-5.443113,-2.743914,6.560083,0.797936,-0.797936
-5.761778,-3.484246,2.439185,-5.35383,6.519963,1.72018,-9.456757,-0.272393,0.939414,-5.384232,-5.204194,-2.824805,6.555763,0.643975,-0.643975
-6.125578,-3.802134,1.826768,-6.586599,6.593402,1.563044,-9.063048,0.279402,1.4486,-4.642489,-4.487438,-3.06748,6.542804,0.786482,-0.786482
-5.901086,-3.301059,2.594799,-6.041673,6.402618,1.376896,-9.596771,0.090893,2.155718,-4.413708,-5.642705,-2.957041,5.996134,0.793679,-0.793679
-5.986271,-3.985322,1.671154,-5.898755,6.710747,1.906327,-8.923034,-0.083883,0.232297,-5.613013,-4.048927,-2.935245,7.102434,0.794871,-0.794871
-5.969234,-3.848469,1.855883,-5.927339,6.649121,1.800441,-9.057782,-0.048928,0.616981,-5.373152,-4.367683,-2.939604,6.881174,0.800913,-0.800913
-5.918123,-3.437911,2.41007,-6.01309,6.464244,1.482782,-9.462023,0.055937,1.771033,-4.653569,-5.32395,-2.952682,6.217394,0.790356,-0.790356
-5.108026,-3.442575,1.219181,-6.211459,6.568694,2.516469,-9.623458,-0.183291,1.451361,-5.188792,-5.056169,-3.11383,6.339435,0.790271,-0.790271
-6.779331,-3.843805,3.046772,-5.72897,6.544671,0.766754,-8.896347,0.1903,0.936653,-4.83793,-4.635463,-2.778455,6.759132,0.799675,-0.799675
-6.44507,-3.763559,2.681253,-5.825468,6.549475,1.116697,-9.041769,0.115582,1.039595,-4.908102,-4.719604,-2.84553,6.675193,0.793902,-0.793902
-5.442287,-3.522821,1.584699,-6.114961,6.563889,2.166526,-9.478036,-0.108573,1.34842,-5.118619,-4.972028,-3.046755,6.423375,0.786707,-0.786707
-5.945637,-3.651279,1.803712,-6.03859,6.206723,1.327233,-8.364266,0.059666,1.791938,-5.758207,-5.472617,-2.980019,7.125174,0.791727,-0.791727
-5.941719,-3.635102,2.46224,-5.901839,6.906641,1.95599,-10.155539,-0.052657,0.596077,-4.268514,-4.219015,-2.912267,5.973393,0.800362,-0.800362
-5.942503,-3.638337,2.330535,-5.929189,6.766658,1.830239,-9.797285,-0.030192,0.835249,-4.566453,-4.469736,-2.925817,6.203749,0.789183,-0.789183
-5.944854,-3.648043,1.935418,-6.01124,6.346707,1.452984,-8.722521,0.037202,1.552765,-5.460269,-5.221897,-2.966468,6.894818,0.777885,-0.777885
-11.887357,-7.286381,4.265953,-11.940429,13.113365,3.283223,-18.519805,0.007009,2.388014,-10.026722,-9.691632,-5.892286,13.098567,0.297174,-0.297174
-5.476567,-3.839771,2.68766,-6.321499,6.480247,2.10172,-8.774377,-0.194581,0.860304,-4.447928,-5.195998,-3.017436,6.984948,0.741276,-0.741276
-6.41079,-3.446609,1.578293,-5.61893,6.633118,1.181503,-9.745428,0.20159,1.52771,-5.578794,-4.495634,-2.87485,6.113619,0.741565,-0.741565
-6.223945,-3.525242,1.800166,-5.759444,6.602544,1.365547,-9.551218,0.122356,1.394229,-5.352621,-4.635707,-2.903367,6.287885,0.753053,-0.753053
-6.037101,-3.603874,2.02204,-5.899957,6.57197,1.54959,-9.357008,0.043122,1.260748,-5.126447,-4.77578,-2.931884,6.462151,0.774667,-0.774667
-5.850256,-3.682506,2.243913,-6.040471,6.541395,1.733633,-9.162797,-0.036112,1.127267,-4.900274,-4.915853,-2.960401,6.636416,0.776449,-0.776449
-5.663412,-3.761139,2.465786,-6.180985,6.510821,1.917677,-8.968587,-0.115347,0.993785,-4.674101,-5.055926,-2.988919,6.810682,0.757428,-0.757428
-5.990707,-3.012569,2.339437,-5.702707,5.971291,1.991204,-9.30809,0.635219,1.229296,-4.971603,-4.538335,-3.534432,6.873659,0.954939,-0.954939
-6.074285,-1.989053,2.664611,-5.264245,5.025331,2.549486,-9.393836,1.660528,1.291741,-4.913096,-4.03521,-4.485162,7.391529,1.118296,-1.118296
-6.293095,0.690546,3.515928,-4.116334,2.548778,4.011086,-9.618324,4.34482,1.455224,-4.759921,-2.718012,-6.974206,8.747331,0.55086,-0.55086
-6.151478,-1.043727,2.964944,-4.859277,4.151637,3.065118,-9.473032,2.60751,1.349416,-4.859058,-3.57052,-5.363263,7.869837,0.909162,-0.909162
-6.222286,-0.17659,3.240436,-4.487806,3.350207,3.538102,-9.545678,3.476165,1.40232,-4.809489,-3.144266,-6.168735,8.308584,0.693714,-0.693714
-5.712724,-1.980613,2.810585,-4.655337,5.428835,2.769625,-9.034096,1.67045,1.981642,-4.71396,-3.433384,-4.090006,7.573094,1.093256,-1.093256
-5.125315,-1.996229,3.037476,-3.682642,6.108772,3.109852,-8.449572,1.657181,3.096139,-4.393427,-2.473998,-3.42344,7.852063,0.861916,-0.861916
-6.438801,-1.961311,2.530132,-5.857653,4.588387,2.349082,-9.756608,1.686851,0.604048,-5.110162,-4.61925,-4.913927,7.22827,-10.509337,10.509337
-5.913407,-1.975278,2.73307,-4.987649,5.196541,2.65339,-9.233793,1.674983,1.600884,-4.823468,-3.761149,-4.317733,7.477787,-10.658997,10.658997
-5.388012,-1.989246,2.936007,-4.117644,5.804695,2.957698,-8.710979,1.663115,2.597721,-4.536774,-2.903049,-3.721538,7.727304,0.98715,-0.98715
-5.86839,-2.662571,2.857325,-4.392138,4.836486,2.869909,-9.076363,0.989275,2.30633,-4.67002,-3.168533,-4.674016,7.421536,0.941156,-0.941156
-5.557058,-1.298656,2.763844,-4.918536,6.021185,2.669342,-8.991829,2.351625,1.656954,-4.757901,-3.698235,-3.505997,7.724652,1.145339,-1.145339
-5.305186,-0.195226,2.688216,-5.3444,6.979626,2.507079,-8.923441,3.453789,1.131599,-4.828998,-4.126773,-2.561049,7.969878,0.947883,-0.947883
-5.417827,-0.688695,2.722038,-5.153948,6.550998,2.579645,-8.954025,2.960886,1.366545,-4.797202,-3.935125,-2.983642,7.86021,1.06014,-1.06014
-5.643108,-1.675633,2.789682,-4.773043,5.693742,2.724777,-9.015194,1.97508,1.836437,-4.733611,-3.551829,-3.828829,7.640873,1.146846,-1.146846
-4.93707,-1.293332,2.67663,-4.706985,5.671072,2.202028,-8.397661,2.363616,1.371743,-4.6788,-3.484108,-3.790557,6.923745,1.13266,-1.13266
-3.890316,-1.093746,2.522424,-4.438394,5.270457,1.417816,-7.424441,2.573773,0.819337,-4.563116,-3.211812,-4.087441,5.670291,0.993392,-0.993392
-6.230929,-1.540035,2.867238,-5.038981,6.166259,3.171367,-9.600628,2.103849,2.054554,-4.821792,-3.820685,-3.423588,8.473099,1.100467,-1.100467
-7.277683,-1.739621,3.021443,-5.307572,6.566874,3.955579,-10.573849,1.893692,2.60696,-4.937476,-4.092982,-3.126703,9.726552,0.930634,-0.930634
-6.60021,-1.610446,2.921639,-5.133736,6.30759,3.448027,-9.943967,2.029708,2.249436,-4.862604,-3.916748,-3.318851,8.9153,1.039903,-1.039903
-4.56779,-1.222921,2.622228,-4.61223,5.529741,1.925369,-8.054322,2.437757,1.176862,-4.637988,-3.388046,-3.895294,6.481544,1.09651,-1.09651
-6.069517,-1.101406,2.799481,-4.911153,5.594636,3.273543,-8.341902,2.102158,1.595558,-4.819185,-3.612859,-3.178128,6.927798,1.158741,-1.158741
-7.099299,-0.637836,2.880027,-5.035572,5.163805,4.406029,-7.505503,1.840238,1.534163,-4.957637,-3.61241,-2.414821,5.973321,1.186087,-1.186087
-9.795303,0.575804,3.090901,-5.361305,4.035875,7.370913,-5.315782,1.154522,1.373429,-5.32011,-3.611235,-0.416456,3.474468,1.184975,-1.184975
-11.62825,1.400928,3.234269,-5.582764,3.269023,9.386666,-3.827044,0.688321,1.26415,-5.566546,-3.610436,0.942183,1.775559,1.104615,-1.104615
-13.461198,2.226052,3.377637,-5.804222,2.502171,11.402419,-2.338306,0.22212,1.154871,-5.812982,-3.609637,2.300822,0.076649,0.983669,-0.983669
-4.796637,-1.674409,2.69992,-4.757362,6.127173,1.873715,-9.375747,2.425908,1.671446,-4.648048,-3.613414,-4.121627,8.107597,1.107617,-1.107617
-3.766856,-2.137978,2.619373,-4.632943,6.558004,0.74123,-10.212146,2.687828,1.732841,-4.509596,-3.613863,-4.884934,9.062074,1.058036,-1.058036
-8.046554,-0.841853,2.794027,-4.929125,4.094442,5.709789,-6.843354,2.234694,1.39403,-4.962103,-3.77217,-0.974105,4.974919,1.200386,-1.200386
-7.827235,-1.960647,2.517838,-4.54521,3.097167,5.892574,-7.194974,3.318553,1.271743,-4.733775,-4.031431,0.058376,4.983361,1.166782,-1.166782
-7.25305,-4.889688,1.794765,-3.540109,0.486267,6.371113,-8.115526,6.156133,0.951593,-4.136003,-4.710184,2.761447,5.005463,0.977477,-0.977477
-8.317647,0.541053,3.135415,-5.403669,5.327142,5.483853,-6.408728,0.894971,1.545185,-5.244332,-3.451707,-2.250322,4.964485,1.19306,-1.19306
-8.536966,1.659847,3.411604,-5.787584,6.324418,5.301068,-6.057108,-0.188888,1.667471,-5.472661,-3.192446,-3.282803,4.956043,1.144652,-1.144652
-9.11115,4.588888,4.134677,-6.792685,8.935318,4.822529,-5.136555,-3.026469,1.987622,-6.070432,-2.513693,-5.985874,4.933941,0.933316,-0.933316
-8.73953,2.693173,3.666695,-6.14217,7.245508,5.132246,-5.73235,-1.189948,1.780416,-5.683546,-2.952991,-4.23641,4.948246,1.092311,-1.092311
-7.62467,-2.993973,2.262747,-4.190624,2.176077,6.061396,-7.519732,4.319613,1.158798,-4.522889,-4.270886,1.011983,4.991158,1.116034,-1.116034
-8.534668,-0.42618,2.287484,-4.428892,4.839199,5.706651,-6.442509,1.871723,1.240279,-4.426197,-4.124956,-1.727125,5.036232,1.198529,-1.198529
-9.179551,-0.492783,1.285405,-3.365851,5.385353,5.822338,-6.02624,2.000516,0.910711,-3.40823,-4.867065,-2.263388,5.141015,1.162457,-1.162457
-10.867878,-0.66715,-1.338071,-0.582772,6.815201,6.125212,-4.936433,2.3377,0.047892,-0.743157,-6.809932,-3.667343,5.41534,0.992024,-0.992024
-7.737548,-0.343855,3.526121,-5.742883,4.164116,5.563653,-6.957046,1.712526,1.647647,-5.684474,-3.207658,-1.064267,4.906713,1.21835,-1.21835
-7.092665,-0.277253,4.5282,-6.805925,3.617962,5.447966,-7.373316,1.583733,1.977215,-6.702441,-2.465549,-0.528004,4.80193,1.166459,-1.166459
-5.404338,-0.102885,7.151676,-9.589003,2.188114,5.145092,-8.463123,1.246549,2.840034,-9.367514,-0.522682,0.875952,4.527604,1.016357,-1.016357
-6.497046,-0.215738,5.453726,-7.787757,3.113531,5.341116,-7.757785,1.464779,2.281605,-7.642643,-1.780132,-0.032707,4.705151,1.127123,-1.127123
-9.77517,-0.554297,0.359878,-2.384018,5.889784,5.929188,-5.641771,2.11947,0.60632,-2.468029,-5.552482,-2.758684,5.237793,1.120543,-1.120543
-8.018967,0.161835,2.644684,-5.222062,3.864037,5.245607,-6.86778,1.186446,1.387878,-4.717622,-3.395962,-0.832391,5.356146,1.253689,-1.253689
-7.96072,1.033102,2.016558,-5.225975,2.943535,4.638861,-7.054866,0.232658,1.230034,-3.963944,-3.109618,-0.030121,5.999893,1.31724,-1.31724
-7.808227,3.314109,0.372101,-5.23622,0.533628,3.05038,-7.544663,-2.264392,0.816794,-1.99079,-2.35996,2.070249,7.685244,1.350066,-1.350066
-7.70455,4.864911,-0.745925,-5.243185,-1.104808,1.97041,-7.877664,-3.962076,0.535842,-0.649291,-1.850286,3.49824,8.831074,1.271963,-1.271963
-7.600874,6.415712,-1.863951,-5.25015,-2.743245,0.890441,-8.210666,-5.659759,0.25489,0.692209,-1.340611,4.926231,9.976903,1.145129,-1.145129
-7.873329,2.340302,1.074152,-5.231846,1.562465,3.728534,-7.335559,-1.198352,0.993214,-2.833169,-2.680004,1.17356,6.965734,1.352361,-1.352361
-8.100791,2.496152,0.377355,-6.089627,1.215577,3.357146,-7.143017,-1.227436,1.278588,-1.992292,-2.058484,1.351817,7.234994,1.337012,-1.337012
-8.509569,2.138963,-0.310779,-7.47481,1.298095,3.180582,-6.700632,-0.60742,1.850727,-1.158844,-1.253113,1.079139,7.220432,1.320185,-1.320185
-9.579764,1.203828,-2.112336,-11.101265,1.514131,2.718333,-5.542451,1.015804,3.348608,1.023151,0.855378,0.365258,7.182309,1.17311,-1.17311
-7.595513,2.937663,1.227934,-4.377448,1.113578,3.57539,-7.689836,-1.993819,0.571385,-3.02249,-3.053979,1.688866,7.252994,1.334919,-1.334919
-7.186735,3.294853,1.916068,-2.992265,1.03106,3.751954,-8.132222,-2.613835,-0.000755,-3.855938,-3.85935,1.961544,7.267556,1.314041,-1.314041
-6.11654,4.229987,3.717624,0.63419,0.815024,4.214203,-9.290403,-4.237059,-1.498636,-6.037934,-5.967841,2.675424,7.305679,1.187564,-1.187564
-6.809185,3.624755,2.551632,-1.712901,0.954846,3.915029,-8.540813,-3.186486,-0.529187,-4.625717,-4.603197,2.213391,7.281005,1.292805,-1.292805
-8.887119,1.80906,-0.946344,-8.754174,1.374309,3.017507,-6.292041,-0.034768,2.379159,-0.389066,-0.509266,0.827292,7.206983,1.274055,-1.274055
-7.761224,3.04696,1.27408,-5.118798,1.025808,3.267887,-7.752813,-1.615817,1.654423,-2.112548,-3.321641,1.545569,6.784868,1.386027,-1.386027
-7.703794,3.508278,1.896784,-5.21515,0.818073,2.910955,-8.207033,-1.497986,2.951156,-1.304,-4.396135,1.530875,6.039022,1.396097,-1.396097
-7.553441,4.716022,3.527044,-5.467404,0.274217,1.976495,-9.396198,-1.189502,6.346048,0.812808,-7.209199,1.492405,4.086371,1.243107,-1.243107
-7.832212,2.476741,0.504376,-4.999699,1.282582,3.70908,-7.191366,-1.761464,0.051572,-3.111969,-1.993492,1.563732,7.706785,1.316015,-1.316015
-7.889641,2.015424,-0.118328,-4.903347,1.490316,4.066012,-6.737146,-1.879294,-1.245161,-3.920518,-0.918997,1.578426,8.452631,1.199763,-1.199763
-7.620681,4.175902,2.797969,-5.354593,0.517437,2.394398,-8.864387,-1.327461,4.827806,-0.133857,-5.951159,1.509609,4.959623,1.343803,-1.343803
-7.016842,3.599748,1.033094,-5.400375,0.862175,3.69858,-8.435452,-1.672987,2.952806,-1.582886,-4.39509,1.393547,5.986551,1.378036,-1.378036
-5.89008,3.87025,-0.199033,-5.725659,0.878371,4.878204,-8.925656,-1.924855,3.299812,-1.81943,-4.678722,1.167443,5.7036,1.329826,-1.329826
-2.940179,4.578432,-3.424782,-6.577266,0.920773,7.9665,-10.209027,-2.584253,4.208286,-2.438711,-5.42128,0.575497,4.962823,1.109258,-1.109258
-8.409597,3.26539,2.556086,-4.998301,0.842155,2.240485,-7.829527,-1.361661,2.523883,-1.290501,-4.044502,1.673026,6.336299,1.39096,-1.39096
-9.536358,2.994889,3.788212,-4.673016,0.825959,1.060861,-7.339323,-1.109793,2.176877,-1.053957,-3.76087,1.899129,6.61925,1.367336,-1.367336
-12.48626,2.286707,7.013962,-3.821409,0.783557,-2.027435,-6.055952,-0.450395,1.268403,-0.434676,-3.018313,2.491076,7.360027,1.191726,-1.191726
-10.577044,2.745052,4.926213,-4.372581,0.811,-0.028648,-6.886567,-0.877167,1.85638,-0.835483,-3.498906,2.10796,6.880586,1.33186,-1.33186
-4.849395,4.120087,-1.337033,-6.026094,0.89333,5.967713,-9.378412,-2.157481,3.62031,-2.037904,-4.940687,0.958613,5.442264,1.250568,-1.250568
-8.140172,3.323722,1.985296,-5.133531,0.554419,2.262276,-7.201088,-1.37545,3.105635,-1.96811,-4.635068,1.590404,6.74814,1.373208,-1.373208
-8.142814,3.312816,1.541329,-5.225726,0.082548,1.83838,-5.993446,-1.299723,3.911861,-2.972432,-5.480222,1.544727,7.524649,1.340942,-1.340942
-8.14973,3.284262,0.379008,-5.467095,-1.152828,0.728605,-2.831798,-1.101469,6.022589,-5.601783,-7.692866,1.425144,9.557575,1.179043,-1.179043
-8.136907,3.337203,2.534069,-5.019572,1.137684,2.786241,-8.693816,-1.469053,2.109085,-0.726699,-3.590399,1.646864,5.788322,1.381075,-1.381075
-8.134266,3.34811,2.978036,-4.927378,1.609555,3.210137,-9.901458,-1.544779,1.302858,0.277623,-2.745245,1.692541,5.011814,1.349509,-1.349509
-8.12735,3.376663,4.140357,-4.686009,2.844931,4.319911,-13.063106,-1.743033,-0.80787,2.906973,-0.532601,1.812124,2.978887,1.171275,-1.171275
-8.131826,3.358183,3.388087,-4.842226,2.045379,3.60165,-11.016844,-1.61472,0.558222,1.205222,-1.964654,1.734728,4.294625,-28.163972,28.163972
-8.145254,3.302743,1.131278,-5.310878,-0.353276,1.446866,-4.878059,-1.229782,4.656498,-3.900031,-6.260813,1.50254,8.241837,1.332714,-1.332714
-10.333401,10.304116,2.386388,-4.182889,-4.864579,3.406905,-6.635001,-2.848007,4.020712,2.318552,-3.379651,6.183411,5.987179,0.714234,-0.714234
-7.74928,3.166645,2.721919,-5.369289,0.782355,2.907682,-7.542847,-1.587322,2.329274,-0.87621,-4.404552,1.559223,6.631285,1.256215,-1.256215
-8.527799,3.49428,1.797446,-4.783815,0.909748,2.140835,-8.352056,-1.25718,2.885446,-1.818599,-3.820915,1.678045,5.905177,1.227337,-1.227337
-8.372095,3.428753,1.982341,-4.90091,0.884269,2.294204,-8.190214,-1.323208,2.774211,-1.630121,-3.937642,1.65428,6.050399,1.081904,-1.081904
-7.904984,3.232172,2.537024,-5.252194,0.807834,2.754312,-7.704689,-1.521294,2.440508,-1.064688,-4.287825,1.582988,6.486063,1.360382,-1.360382
-8.181585,3.857602,2.427156,-4.850731,0.358856,2.811789,-7.991614,-0.894188,2.639521,-1.317272,-3.85361,1.128981,6.534949,1.235192,-1.235192
-8.095495,2.803323,2.092208,-5.302373,1.333247,2.236727,-7.90329,-1.950314,2.575199,-1.377538,-4.371857,2.108287,6.001513,1.316362,-1.316362
-8.025847,1.950393,1.82123,-5.667758,2.121547,1.771493,-7.831834,-2.804738,2.523162,-1.426294,-4.791128,2.900562,5.569955,0.95277,-0.95277
-8.056994,2.331835,1.942415,-5.504353,1.769009,1.979552,-7.86379,-2.422628,2.546433,-1.404489,-4.603624,2.546246,5.762954,1.114925,-1.114925
-8.119289,3.094719,2.184786,-5.177542,1.063932,2.395671,-7.927702,-1.658408,2.592977,-1.36088,-4.228617,1.837613,6.148951,1.401424,-1.401424
-7.825084,3.188645,2.334037,-4.632894,1.319876,2.626517,-7.635198,-1.563094,3.173196,-1.189967,-3.684381,2.086196,6.344222,1.287161,-1.287161
-7.335577,3.175632,2.523113,-3.822316,1.88649,2.910039,-7.148094,-1.574151,4.101943,-0.922856,-2.884893,2.641668,6.576695,0.976689,-0.976689
-8.430148,3.204731,2.100327,-5.634824,0.619503,2.276064,-8.237291,-1.549426,2.025201,-1.520136,-4.672603,1.399595,6.056868,1.325355,-1.325355
-8.919655,3.217744,1.911251,-6.445403,0.052889,1.992541,-8.724395,-1.538369,1.096453,-1.787247,-5.472091,0.844123,5.824395,1.039607,-1.039607
-8.60284,3.209322,2.033623,-5.920785,0.419609,2.176041,-8.409135,-1.545525,1.697551,-1.614369,-4.954652,1.203632,5.974855,1.246448,-1.246448
-7.652392,3.184055,2.40074,-4.346933,1.51977,2.72654,-7.463355,-1.566995,3.500845,-1.095734,-3.402333,2.282159,6.426235,1.174393,-1.174393
-8.296547,2.629433,2.240987,-4.979455,0.430679,2.51215,-8.010484,-2.12302,2.795378,-1.33983,-4.021823,1.211727,6.055625,1.274915,-1.274915
-8.506441,1.709908,2.304011,-4.624567,-0.368023,2.647369,-8.067475,-3.04149,3.233174,-1.280583,-3.664708,0.42427,5.85127,0.956855,-0.956855
-8.037105,3.766028,2.163086,-5.41812,1.417928,2.34501,-7.94004,-0.987728,2.254232,-1.413064,-4.463241,2.185076,6.308222,1.344277,-1.344277
-7.827211,4.685553,2.100063,-5.773007,2.216629,2.209791,-7.883049,-0.069258,1.816436,-1.472312,-4.820356,2.972533,6.512577,1.03149,-1.03149
-7.963057,4.090424,2.140852,-5.543319,1.699699,2.297307,-7.919934,-0.663705,2.099783,-1.433966,-4.589226,2.46288,6.380316,1.237977,-1.237977
-8.370595,2.305037,2.263221,-4.854255,0.148908,2.559853,-8.03059,-2.447044,2.949826,-1.318929,-3.895838,0.933923,5.983532,1.13927,-1.13927
-7.610905,3.374178,2.117568,-5.088882,0.781952,2.013858,-7.469461,-1.373568,2.205232,-1.321613,-4.130897,1.608573,5.552729,1.390429,-1.390429
-6.73861,3.5405,1.989064,-4.865057,0.448106,1.360348,-6.658444,-1.198437,1.744894,-1.22521,-3.903983,1.36117,4.508184,1.218572,-1.218572
-8.689121,3.168592,2.276408,-5.365546,1.194607,2.82164,-8.471933,-1.590041,2.774242,-1.440773,-4.411377,1.914381,6.843857,1.335172,-1.335172
-9.561416,3.00227,2.404913,-5.589371,1.528453,3.47515,-9.28295,-1.765171,3.23458,-1.537176,-4.638291,2.161785,7.888401,1.111115,-1.111115
-8.996855,3.109916,2.321743,-5.444508,1.312384,3.05219,-8.758049,-1.651824,2.936643,-1.474783,-4.49143,2.001662,7.212358,1.247665,-1.247665
-7.303171,3.432854,2.072234,-5.00992,0.664176,1.783308,-7.183345,-1.311784,2.042831,-1.287603,-4.050845,1.521293,5.184227,1.339269,-1.339269
-8.470766,3.550104,2.207592,-5.237508,0.686166,2.843971,-7.345039,-1.574616,2.347497,-1.429334,-4.216378,2.095151,5.455704,1.375778,-1.375778
-9.328917,3.936412,2.274715,-5.34119,0.32714,3.787709,-6.64804,-1.792883,2.296334,-1.544711,-4.216004,2.73124,4.660306,1.30974,-1.30974
-11.575587,4.947778,2.450443,-5.612635,-0.612802,6.258445,-4.823273,-2.364312,2.162389,-1.846771,-4.215025,4.396543,2.577929,1.13451,-1.13451
-7.410032,3.072601,2.124625,-5.109349,1.129946,1.677447,-8.206577,-1.304824,2.410737,-1.286721,-4.21684,1.308901,6.438869,1.427093,-1.427093
-6.551881,2.686294,2.057503,-5.005666,1.488972,0.73371,-8.903576,-1.086557,2.461899,-1.171344,-4.217214,0.672812,7.234267,1.442888,-1.442888
-4.305211,1.674927,1.881774,-4.734222,2.428913,-1.737027,-10.728343,-0.515128,2.595844,-0.869283,-4.218194,-0.992492,9.316644,1.372071,-1.372071
-2.472264,0.849803,1.738406,-4.512763,3.195766,-3.75278,-12.217081,-0.048926,2.705123,-0.622847,-4.218993,-2.351131,11.015554,1.239228,-1.239228
-6.325112,2.058849,1.906355,-4.794188,1.022963,0.702686,-9.17711,-0.499391,2.405704,-1.038446,-4.350791,1.120207,7.344105,1.432692,-1.432692
-6.142347,1.12652,1.676198,-4.47426,0.1919,0.855007,-9.470127,0.403825,2.303798,-0.848173,-4.566841,1.980608,7.35114,1.618301,-1.618301
-5.66386,-1.314347,1.073637,-3.636675,-1.98385,1.253789,-10.237254,2.768475,2.037006,-0.35003,-5.132469,4.233167,7.369557,1.147812,-1.147812
-5.973543,0.265415,1.463622,-4.178771,-0.575675,0.995692,-9.740759,1.238041,2.209677,-0.672435,-4.766387,2.77528,7.357637,1.3058,-1.3058
-5.818701,-0.524466,1.26863,-3.907723,-1.279763,1.12474,-9.989006,2.003258,2.123342,-0.511232,-4.949428,3.504223,7.363597,1.236943,-1.236943
-6.770201,2.600757,1.532502,-4.444419,1.817872,0.668128,-8.781625,-0.991277,2.298948,-0.63176,-4.599471,0.312259,7.393723,1.423791,-1.423791
-7.307604,2.545255,0.697436,-3.558551,2.273,0.764534,-8.434734,-0.88395,2.024308,0.216546,-5.217896,-0.134627,7.481042,1.340381,-1.340381
-6.105935,2.669362,2.564699,-5.539412,1.255303,0.548963,-9.210406,-1.123941,2.638421,-1.680324,-3.835057,0.864641,7.285791,1.474811,-1.474811
-5.568532,2.724864,3.399765,-6.425279,0.800175,0.452557,-9.557297,-1.231269,2.913061,-2.52863,-3.216632,1.311527,7.198471,1.461314,-1.461314
-4.161593,2.87017,5.585995,-8.744511,-0.391365,0.200163,-10.46547,-1.512256,3.632077,-4.749524,-1.597576,2.481489,6.969867,1.305584,-1.305584
-4.790795,2.805187,4.608283,-7.707319,0.141508,0.313037,-10.059323,-1.386595,3.310523,-3.75631,-2.32164,1.958266,7.072102,1.383649,-1.383649
-5.844768,3.141963,2.600405,-5.922489,0.585442,0.195003,-9.455978,-1.661337,2.675266,-1.657063,-3.421562,1.470063,7.579778,1.490312,-1.490312
-5.796229,3.868019,2.076967,-5.92575,-0.181643,-0.310619,-9.611883,-2.45616,2.543729,-1.028998,-3.182942,2.138622,8.116233,1.473027,-1.473027
-5.669151,5.768859,0.706586,-5.934287,-2.189898,-1.634353,-10.020048,-4.537035,2.199362,0.615297,-2.558227,3.88893,9.520693,1.356896,-1.356896
-5.904766,2.244509,3.247411,-5.918458,1.533612,0.819985,-9.263269,-0.678881,2.837854,-2.433394,-3.716513,0.64368,6.916682,1.441251,-1.441251
-5.953306,1.518453,3.77085,-5.915197,2.300697,1.325606,-9.107364,0.115942,2.96939,-3.061458,-3.955133,-0.024879,6.380226,1.417773,-1.417773
-6.080383,-0.382386,5.14123,-5.90666,4.308952,2.64934,-8.6992,2.196817,3.313757,-4.705753,-4.579848,-1.775187,4.975766,1.234957,-1.234957
-5.998137,0.847863,4.254302,-5.912185,3.009182,1.792602,-8.96337,0.850047,3.090878,-3.641543,-4.175523,-0.642364,5.884752,1.350416,-1.350416
-5.751398,4.53861,1.593515,-5.928762,-0.890128,-0.777614,-9.755878,-3.190265,2.422241,-0.448913,-2.962551,2.756107,8.611708,1.418591,-1.418591
-6.046619,3.087856,2.15238,-6.63648,0.490748,0.013637,-9.256021,-1.484165,2.946408,-1.115484,-2.964096,1.449198,7.668223,1.469129,-1.469129
-6.387268,2.790198,1.578936,-7.790799,0.559513,-0.133499,-8.887366,-0.967485,3.423191,-0.420944,-2.292953,1.221966,7.656088,1.453935,-1.453935
-7.279097,2.010919,0.077639,-10.812845,0.739543,-0.518707,-7.922215,0.385202,4.671425,1.397385,-0.535877,0.627066,7.624318,1.292598,-1.292598
-5.625555,3.455781,2.861197,-5.209664,0.40575,0.195507,-9.711703,-2.122817,2.357072,-1.973983,-3.793674,1.730072,7.683222,1.461241,-1.461241
-5.284906,3.753439,3.434641,-4.055345,0.336984,0.342644,-10.080358,-2.639497,1.880289,-2.668523,-4.464817,1.957304,7.695357,1.433901,-1.433901
-4.393077,4.532718,4.935938,-1.033299,0.156955,0.727851,-11.045509,-3.992184,0.632055,-4.486852,-6.221893,2.552204,7.727127,1.297882,-1.297882
-4.970281,4.028358,3.964278,-2.989208,0.273472,0.47854,-10.42085,-3.116707,1.439929,-3.310005,-5.08469,2.167177,7.706565,1.412207,-1.412207
-6.701893,2.515279,1.049298,-8.856936,0.623026,-0.269395,-8.546874,-0.490275,3.863551,0.220538,-1.67308,1.012094,7.64488,1.40516,-1.40516
-5.792222,3.521894,2.851549,-5.924283,0.338376,-0.073087,-9.73326,-1.764475,3.299598,-1.157438,-3.960429,1.591598,7.2921,1.465611,-1.465611
-5.744363,3.906325,3.370469,-6.004577,0.165263,-0.370531,-10.111777,-1.666283,4.380209,-0.483647,-4.855841,1.579352,6.670561,1.430494,-1.430494
-5.619069,4.912779,4.729019,-6.214788,-0.28795,-1.149248,-11.102747,-1.409213,7.209286,1.280359,-7.200061,1.547294,5.043352,1.219868,-1.219868
-5.851378,3.046711,2.210129,-5.825034,0.552354,0.294573,-9.265388,-1.885847,1.963889,-1.990289,-2.853638,1.606733,8.060364,1.453905,-1.453905
-5.899236,2.66228,1.691209,-5.74474,0.725466,0.592017,-8.886871,-1.984039,0.883278,-2.664079,-1.958226,1.618979,8.681902,1.427981,-1.427981
-6.024531,1.655827,0.33266,-5.534529,1.17868,1.370734,-7.895901,-2.24111,-1.945799,-4.428086,0.385994,1.651037,10.309111,-38.036563,38.036563
-5.943438,2.307217,1.211932,-5.670581,0.885354,0.866738,-8.53727,-2.07473,-0.114782,-3.286397,-1.131217,1.630288,9.255959,1.380011,-1.380011
-5.700161,4.261388,3.849747,-6.078736,0.005376,-0.645251,-10.461378,-1.575592,5.378269,0.13867,-5.68285,1.568043,6.096504,1.390936,-1.390936
-5.163203,4.052436,2.745061,-6.173527,0.170545,0.231752,-10.370937,-1.794267,4.578027,-0.593565,-5.017746,1.462686,6.513847,1.440643,-1.440643
-6.323832,3.773804,4.014222,-5.838465,0.153862,-0.983328,-9.865999,-1.534829,4.220591,-0.349911,-4.72559,1.695586,6.805303,1.443174,-1.443174
-6.091706,3.829531,3.76039,-5.905477,0.157199,-0.740312,-9.966986,-1.586716,4.292078,-0.398641,-4.784021,1.649006,6.747012,1.436146,-1.436146
-5.395329,3.99671,2.998893,-6.106514,0.167208,-0.011264,-10.269949,-1.742379,4.50654,-0.544834,-4.959315,1.509266,6.572138,1.441017,-1.441017
-5.744878,3.907503,3.150986,-6.053479,-0.080824,-0.594107,-9.496498,-1.625546,4.814539,-0.988992,-5.306946,1.555611,7.059499,1.433726,-1.433726
-5.742157,3.918737,3.608297,-5.958513,0.405231,-0.157469,-10.740437,-1.703549,3.98408,0.045517,-4.436389,1.602661,6.259651,1.431176,-1.431176
-5.742701,3.91649,3.516835,-5.977506,0.30802,-0.244797,-10.49165,-1.687948,4.150172,-0.161385,-4.610501,1.593251,6.419621,1.434286,-1.434286
-5.744334,3.90975,3.242448,-6.034486,0.016387,-0.506779,-9.745286,-1.641147,4.648447,-0.78209,-5.132835,1.565021,6.89953,1.452512,-1.452512
-3.348495,4.495778,4.499601,-6.93544,-0.521644,-3.275834,-12.289483,-1.906844,6.191259,0.403929,-5.630602,1.539638,7.050919,1.372079,-1.372079
-5.419135,3.776606,3.764838,-6.249943,0.109123,-0.056268,-9.781297,-1.802107,4.167571,-0.079076,-5.11485,1.529627,6.96212,1.275502,-1.275502
-6.0679,4.049635,2.994445,-5.762048,0.215284,-0.695308,-10.455638,-1.526988,4.631047,-0.8644,-4.628486,1.628645,6.35703,1.360941,-1.360941
-5.938147,3.995029,3.148523,-5.859627,0.194052,-0.5675,-10.32077,-1.582012,4.538352,-0.707335,-4.725759,1.608841,6.478048,1.396874,-1.396874
-5.548888,3.831211,3.61076,-6.152364,0.130355,-0.184076,-9.916165,-1.747083,4.260266,-0.23614,-5.017577,1.549431,6.841102,1.379922,-1.379922
-5.779388,4.352403,3.519203,-5.817812,-0.243793,-0.136179,-10.155269,-1.224495,4.42611,-0.446627,-4.655732,1.171092,6.88184,1.320171,-1.320171
-5.707647,3.473837,3.24008,-6.19418,0.5682,-0.615397,-10.081666,-2.1046,4.372508,-0.496848,-5.087604,1.98718,6.43731,1.382214,-1.382214
-5.721995,3.64955,3.295905,-6.118906,0.405802,-0.519553,-10.096387,-1.928579,4.383229,-0.486804,-5.00123,1.823962,6.526216,1.434443,-1.434443
-5.76504,4.17669,3.463378,-5.893085,-0.081394,-0.232023,-10.140549,-1.400516,4.41539,-0.456671,-4.742106,1.334309,6.792934,1.376554,-1.376554
-5.491407,3.906418,3.477021,-5.588525,0.454026,-0.229766,-9.867595,-1.670242,4.87764,-0.334168,-4.459909,1.86522,6.779306,1.349366,-1.349366
-5.995627,3.919822,3.282262,-6.423467,-0.129619,-0.52181,-10.36934,-1.658853,3.920978,-0.609308,-5.283427,1.293052,6.539845,1.382101,-1.382101
-5.894783,3.917142,3.321214,-6.256478,-0.01289,-0.463401,-10.268991,-1.661131,4.11231,-0.55428,-5.118723,1.407486,6.587737,1.407138,-1.407138
-5.592251,3.909099,3.438069,-5.755513,0.337297,-0.288175,-9.967944,-1.667965,4.686308,-0.389196,-4.624612,1.750786,6.731413,1.400901,-1.400901
-5.851619,3.439539,3.4121,-5.823219,-0.24915,-0.306146,-10.147819,-2.137586,4.624787,-0.441224,-4.687744,1.173574,6.554327,1.287742,-1.287742
-5.635416,4.386702,3.347183,-6.188773,0.573557,-0.44543,-10.089116,-1.191509,4.173832,-0.502252,-5.055592,1.984698,6.764824,1.436599,-1.436599
-5.678657,4.197269,3.360166,-6.115662,0.409016,-0.417573,-10.100856,-1.380725,4.264023,-0.490046,-4.982022,1.822473,6.722724,1.447065,-1.447065
-5.808378,3.628971,3.399117,-5.89633,-0.084609,-0.334003,-10.136079,-1.94837,4.534596,-0.453429,-4.761313,1.335798,6.596426,1.371766,-1.371766
-5.294261,3.998781,3.313458,-5.890719,-0.009736,-0.712364,-9.700771,-1.574351,4.162222,-0.422087,-4.754801,1.451716,6.121605,1.436694,-1.436694
-6.192774,3.82746,3.445825,-6.121272,0.334143,-0.039212,-10.536164,-1.754745,4.636396,-0.521388,-4.988535,1.706556,7.197545,1.371415,-1.371415
-6.013071,3.861724,3.419351,-6.075162,0.265368,-0.173842,-10.369086,-1.718666,4.541562,-0.501528,-4.941788,1.655588,6.982357,1.407144,-1.407144
-5.473963,3.964517,3.339931,-5.93683,0.05904,-0.577734,-9.867849,-1.610429,4.257057,-0.441948,-4.801548,1.502684,6.336793,1.434492,-1.434492
-6.18549,4.11208,3.414211,-6.059395,-0.022705,0.110264,-9.759493,-1.776961,4.372959,-0.53116,-4.871475,1.90674,6.249923,1.416594,-1.416594
-5.301545,3.714161,3.345072,-5.952596,0.347112,-0.86184,-10.477442,-1.552134,4.425659,-0.412315,-4.871861,1.251532,7.069227,1.424552,-1.424552
-5.478334,3.793745,3.3589,-5.973956,0.273149,-0.667419,-10.333852,-1.5971,4.415119,-0.436084,-4.871783,1.382573,6.905366,1.439914,-1.439914
-6.008701,4.032496,3.400383,-6.038036,0.051259,-0.084157,-9.903083,-1.731996,4.383499,-0.507391,-4.871552,1.775698,6.413784,1.45027,-1.45027
-5.649388,3.432945,3.261104,-5.841223,-0.265817,-0.297338,-10.269379,-1.199366,4.346825,-0.373741,-4.98294,2.022267,6.663198,1.449652,-1.449652
-5.837647,4.393296,3.498179,-6.170768,0.590224,-0.454238,-9.967556,-2.129729,4.451793,-0.569734,-4.760396,1.136005,6.655952,1.44015,-1.44015
-5.799995,4.201226,3.450764,-6.104859,0.419016,-0.422858,-10.02792,-1.943657,4.4308,-0.530535,-4.804905,1.313257,6.657401,1.454421,-1.454421
-5.68704,3.625015,3.308519,-5.907132,-0.094609,-0.328718,-10.209015,-1.385439,4.367819,-0.41294,-4.938431,1.845014,6.661749,1.450515,-1.450515
-6.020295,3.884535,2.949559,-5.549749,0.396607,-0.326136,-9.939809,-1.609271,4.257862,-0.034836,-5.190174,1.348977,6.704547,1.436591,-1.436591
-5.46674,3.941705,3.809724,-6.462243,-0.0722,-0.42544,-10.297126,-1.719824,4.540756,-0.908639,-4.553162,1.809295,6.614603,1.463497,-1.463497
-5.577451,3.930271,3.637691,-6.279744,0.021561,-0.405579,-10.225663,-1.697714,4.484178,-0.733879,-4.680564,1.717231,6.632592,1.433081,-1.433081
-5.909584,3.895969,3.121592,-5.732248,0.302846,-0.345997,-10.011272,-1.631382,4.314441,-0.209597,-5.062772,1.44104,6.686558,1.444655,-1.444655
-5.718518,4.28706,3.110056,-6.007675,-0.232867,-0.636197,-10.198763,-2.073904,4.331564,-0.148267,-4.748772,1.923462,6.935865,1.456206,-1.456206
-5.768517,3.539181,3.649227,-6.004316,0.557274,-0.115379,-10.038172,-1.255191,4.467054,-0.795209,-4.994564,1.234809,6.383285,1.444371,-1.444371
-5.758517,3.688757,3.541393,-6.004988,0.399246,-0.219542,-10.07029,-1.418934,4.439956,-0.66582,-4.945406,1.37254,6.493801,1.440104,-1.440104
-5.728518,4.137484,3.21789,-6.007004,-0.074839,-0.532034,-10.166645,-1.910162,4.358662,-0.277655,-4.79793,1.785732,6.825349,1.44508,-1.44508
-5.918961,3.759818,3.084301,-6.600503,0.19762,-0.451567,-9.9286,-1.398443,4.644866,-0.11403,-4.52601,1.462105,6.653325,1.685341,-1.685341
-5.568074,4.066422,3.674982,-5.411489,0.126788,-0.300009,-10.308335,-1.930653,4.153752,-0.829445,-5.217326,1.696167,6.665825,1.435282,-1.435282
-5.638251,4.005102,3.556846,-5.649292,0.140954,-0.33032,-10.232388,-1.824211,4.251975,-0.686362,-5.079063,1.649354,6.663325,1.444719,-1.444719
-5.848784,3.821139,3.202437,-6.3627,0.183453,-0.421256,-10.004547,-1.504885,4.546643,-0.257113,-4.664273,1.508917,6.655825,1.426801,-1.426801
-5.718869,4.111113,3.6469,-6.047349,0.073046,-0.52898,-10.313415,-1.613976,4.955855,-0.124716,-5.332831,1.572829,6.339465,1.407586,-1.407586
-5.768166,3.715127,3.112383,-5.964642,0.251361,-0.222596,-9.923521,-1.715119,3.842764,-0.818759,-4.410505,1.585442,6.979685,1.443489,-1.443489
-5.758306,3.794324,3.219286,-5.981184,0.215698,-0.283873,-10.001499,-1.694891,4.065382,-0.67995,-4.59497,1.58292,6.851641,1.459014,-1.459014
-5.728728,4.031916,3.539997,-6.030808,0.108709,-0.467703,-10.235436,-1.634205,4.733236,-0.263525,-5.148366,1.575352,6.467509,1.426359,-1.426359
-5.259922,4.029217,2.850825,-6.145605,0.169155,0.130495,-10.328858,-1.772647,4.548241,-0.57326,-4.9934,1.482094,6.538135,1.430683,-1.430683
-6.227113,3.797024,3.908458,-5.866387,0.155252,-0.882071,-9.908077,-1.556448,4.250378,-0.370215,-4.749936,1.676177,6.781015,1.413251,-1.413251
-6.033675,3.843462,3.696932,-5.92223,0.158033,-0.679558,-9.992233,-1.599688,4.30995,-0.410824,-4.798629,1.637361,6.732439,1.444712,-1.444712
-5.45336,3.982778,3.062351,-6.089761,0.166374,-0.072018,-10.244702,-1.729407,4.488668,-0.532651,-4.944707,1.520911,6.586711,1.439977,-1.439977
-5.744651,3.908439,3.189095,-6.045565,-0.040319,-0.55772,-9.600159,-1.632047,4.745334,-0.902783,-5.2344,1.559532,6.992845,1.429925,-1.429925
-5.742384,3.917801,3.570188,-5.966427,0.364726,-0.193856,-10.636776,-1.697049,4.053285,-0.040692,-4.508936,1.59874,6.326305,1.427378,-1.427378
-5.742837,3.915929,3.493969,-5.982254,0.283717,-0.266629,-10.429453,-1.684048,4.191694,-0.21311,-4.654029,1.590898,6.459613,1.422715,-1.422715
-5.744198,3.910312,3.265314,-6.029737,0.04069,-0.484947,-9.807483,-1.645047,4.606924,-0.730365,-5.089307,1.567373,6.859537,1.432064,-1.432064
-5.743517,3.91312,3.379641,-6.005996,0.162204,-0.375788,-10.118468,-1.664548,4.399309,-0.471738,-4.871668,1.579136,6.659575,1.431351,-1.431351
