,log_l2,log_l3,log_n4,ls_2,ls_3,s_1,n_4,n_1,n_2
0,8.754439201632161,-0.47269593367621926,0.7773653093370962,6338.764797974512,0.6233195728567175,275.90902351454827,2.175732325692177,10.209823805963868,82.85420923712734
1,8.559256519015081,-0.4176592199554745,0.8535663949902491,5214.80262422599,0.6585866233668313,345.7200627766487,2.3480058536285857,8.795923743376706,131.2833122117138
2,8.46282521761758,-0.5241851390885306,0.8291348756252266,4735.417702230597,0.5920375961594433,380.5955696452703,2.291335592281374,7.458506731284594,52.90387748062458
3,8.660172599439303,-0.3588363744674814,0.762133531049071,5768.530221665759,0.6984886325761189,321.11814076583704,2.142843169335934,4.717589554664881,57.92148012521346
4,8.31259648481113,-0.4534518977419629,0.7276991022715023,4074.879622757909,0.635430918938026,295.86380342988195,2.07031154808067,5.5449128972412804,70.49083215805155
5,8.541830768302736,-0.45113488786541445,0.8246696272966053,5124.717949779139,0.6369049256376722,267.33642316328184,2.2811270187275445,8.142039692023896,54.95003108752498
6,8.592150890063925,-0.4750814324904259,0.7896261708364568,5389.192779458924,0.6218344168779953,331.3364251038135,2.2025728863541625,8.623723550664934,67.96476604827059
7,8.833540532747726,-0.45824033443076556,0.8587262338321592,6860.533811278875,0.6323954715364466,370.77143490961856,2.3601524958420423,7.029672458768978,67.73728843046858
8,8.668913435072406,-0.5523744627059185,0.7978293892190244,5819.173003860897,0.5755814897286212,321.1689603273647,2.2207153844431975,5.579585105573143,55.25282177746481
9,8.781237178017241,-0.586156575556376,0.6716200604953182,6510.927368770156,0.5564618992575471,285.24871678642234,1.9574058692447793,6.004080525669839,68.4669660018912
10,8.783194647614511,-0.3721975661375951,0.8448896744168453,6523.684793206257,0.6892180629217741,470.3587165892553,2.327720993227514,5.319175145977466,80.80076597183178
11,8.15550176740713,-0.381103015679134,0.8195588300751644,3482.486285082421,0.6831075152105271,343.42344794794127,2.269498382211969,9.307422469069328,65.74832715015077
12,8.216443679087233,-0.395393802218016,0.7507102142343166,3701.31588162022,0.6734147947855351,370.84736488971555,2.1185040741968533,8.672954684437785,54.81203990954976
13,8.734594890842649,-0.380263643071407,0.824144847837543,6214.216256491261,0.6836811376547322,331.5386723015181,2.2799302441734213,9.533371915172202,87.10372644731237
14,8.955403173729387,-0.5037686790128796,0.7215469240233061,7749.651656039304,0.604249142198647,322.05764399466415,2.0576137221022615,8.786509821762955,65.30072273605067
15,8.6451265908023,-0.5596178187160981,0.8467380709911012,5682.386550449621,0.5714274109836496,357.56100180885625,2.332027523599082,6.787576289151178,48.23292826930804
16,8.458442738200093,-0.45197419111091897,0.7494984255107837,4714.710239773872,0.636370593531209,287.402768958243,2.1159384496603777,7.2676398272182805,71.26552714750053
17,8.518227844557305,-0.4074680635665982,0.6502250834379242,5005.175942896388,0.6653326994121785,324.90612791250663,1.9159720340559108,7.198852723866225,100.93160575551666
18,8.339505332619305,-0.48092160069433865,0.7747902748277619,4186.018542402594,0.6182133833030679,302.8881277436378,2.1701369471087384,9.178630236232017,64.63861961631382
19,8.342904870074745,-0.35619935761415455,0.7789729691323387,4200.273285264467,0.7003329896035789,298.2841189391864,2.1792329762510088,5.445220107658806,100.17293132534179
20,8.741349272505571,-0.5082371164160604,0.8438593012372294,6256.33151597782,0.6015551162565671,347.16930992851485,2.325323807156665,8.822737816803196,95.61417634864523
21,8.54072793794511,-0.36227081542332096,0.6922988244864751,5119.069370534688,0.6960938293682886,295.8413331685687,1.9983040073576073,6.710738703661685,121.88405206559396
22,8.352461496978398,-0.3165895578878589,0.795270769236566,4240.60614603303,0.7286297540958597,336.08485554253315,2.215040680486482,9.34217753506415,104.55329004025475
23,7.918176013100408,-0.49157517988386373,0.8083265757982707,2746.7564260824765,0.6116621570348248,344.57506437129547,2.244149428756306,8.23689066341188,94.61615632441433
24,8.957710951435043,-0.47130646950556976,0.8326837239714104,7767.556781936246,0.6241862550425532,393.71879199188663,2.2994816408045122,7.73781667948491,77.47084593720764
25,8.51454867071066,-0.295277577173944,0.7234467586001434,4986.794864794678,0.7443249511720346,330.25056275555585,2.0615265634960647,6.662387312071835,93.33586463140429
26,8.596943765067905,-0.352145826042609,0.8186932348353194,5415.084505161067,0.7031775728966525,314.5580938574861,2.26753476518687,8.075887682542035,72.03060741307394
27,8.401382775225441,-0.6166129429894264,0.8276501360849612,4453.220294930288,0.539769575251121,311.45295903743033,2.287936080047117,9.110429816291656,70.07195777108828
28,8.580998576929806,-0.34375432419008034,0.8086104882027362,5329.424709622699,0.709103116134108,311.2416557906384,2.244786661071403,8.687980292451098,99.08332313774876
29,8.367365294251357,-0.5064569724862142,0.6939916636031541,4304.280597277813,0.602626924648802,333.16265037681507,2.0016896794388184,6.040236358490538,83.60140993660751
30,8.578380909312042,-0.4406229471423872,0.7910592421035408,5315.492290316058,0.6436353453724885,326.94615596810587,2.2057315930565786,9.330194694482415,82.45965093898698
31,8.439139661010344,-0.3956753049479215,0.8586104734270508,4624.574570737854,0.67322525336191,363.4137844862436,2.3598792994459736,7.7263287971514965,84.9774175375353
32,8.704056123919889,-0.5088995809070804,0.7711320375373169,6027.310220306384,0.6011567393225115,321.7425023182182,2.1622125746583096,9.476198705646848,58.512878660847136
33,8.869657612125499,-0.4027193689787623,0.8279886733743637,7112.8452042535655,0.6684996747490095,348.51772722034184,2.288710762848092,9.805110063817192,92.74977877950866
34,8.438522430156931,-0.44011033256853016,0.7835767936214891,4621.721021368836,0.6439653668104486,348.9166163960634,2.1892889125159978,8.88552239905887,70.05943105151081
35,8.039588613329144,-0.5065044172348595,0.8006255653904383,3101.3370791221296,0.6025983338440822,283.2578535291787,2.2269335854259094,10.19122741036481,72.72416871948012
36,8.548525151766249,-0.5250321531579569,0.7789924652129213,5159.139865076829,0.5915363442995236,352.1251693321947,2.179275463166885,10.211875702830469,78.8398958345268
37,8.79102590589123,-0.45168437569432474,0.7335252632154837,6574.974021208938,0.6365550502677934,306.2981718588419,2.0824087221866194,5.73881513910597,74.49637682628281
38,8.541692592360432,-0.46899310699986374,0.8077833895283968,5124.009885967205,0.6256318956221896,355.4966801022518,2.242930768608754,5.085967817439541,92.29178948856607
39,8.754021824864562,-0.5608817077472918,0.8508789068346089,6336.119696852839,0.5707056463580603,330.3371633437017,2.3417040874614754,8.314444050224271,92.76187871071987
40,8.797284654892705,-0.44520816183150247,0.728596237699391,6616.2541796221285,0.6406908947602752,330.18033188289274,2.072169731313595,6.753732767221325,58.560517915007175
41,8.699689522680321,-0.5320184860381936,0.8563980124993337,6001.048738464462,0.587418077031145,323.1430253126936,2.3546639302295573,10.307131361874424,70.24249879700437
42,8.673993531315636,-0.4544240196607115,0.8359817651791804,5848.8101788891545,0.634813502764396,333.744058638919,2.3070779455900365,9.545022010144205,83.10988684820683
43,8.682881290014148,-0.48263850476250325,0.7904684765431877,5901.024683680759,0.617152880881251,349.00165598077405,2.204428907624749,5.7391671000379585,100.38451311843347
44,8.61212589388454,-0.44903387149523843,0.8738071556999119,5497.924266447713,0.6382444800327763,391.3395450591592,2.3960155152205487,8.681549718871398,61.35559049367316
45,8.56717076435565,-0.6053929477904916,0.7836181794052159,5256.237598599151,0.5458598900539166,426.5489533980006,2.189379519828361,7.244948417113692,93.9393474509535
46,8.644470992161471,-0.3698646072626127,0.8160107669673691,5678.662406455738,0.690827857380465,296.9766487289549,2.2614603269249747,8.18404731848439,126.44328673722646
47,8.593563261509761,-0.5644638367591803,0.732606957830925,5396.809699150494,0.5686649622839168,366.54761304782596,2.080497312807268,6.256427082172962,64.5103795925235
48,8.633950984917492,-0.5180320561504311,0.7162155238968968,5619.235968146511,0.5956916830120513,304.907232779765,2.046672950773836,7.236739595004225,52.38664313944769
49,8.366012738873504,-0.3663700767071563,0.7625771049325323,4298.462754772195,0.6932461994607741,245.3517936580771,2.1437938894439217,7.048636436247428,61.10969552495058
50,8.42642824646885,-0.47031415955517547,0.8116724811121735,4566.161727749145,0.6248059486875664,366.10685731528156,2.25167071599586,6.796413288766801,101.71885059004137
51,8.443210898185415,-0.4266356183409177,0.8088161018029799,4643.440688810977,0.6527013412999093,341.2089365931358,2.2452482671931873,8.547997119215108,56.632741062953755
52,8.503238790108131,-0.3905635770306559,0.8240732230341253,4930.712550230714,0.6766754082981408,343.319782794276,2.279766950465886,9.412809099406413,92.76678009992654
53,8.507072047958506,-0.44712902310985964,0.8557698754877943,4949.649514767716,0.6394613976538664,352.7394222857033,2.353185343091512,10.025314454379677,109.2122616014214
54,8.615261752250538,-0.43904911307268024,0.7553311207494982,5515.192038748015,0.6446491181533184,298.44156587587804,2.1283161363271024,7.663988616384605,81.99590742722549
55,8.225094179627304,-0.5457234962811074,0.8309243630480058,3733.4730037249046,0.5794224216875601,323.09939231008104,2.2954395794266462,9.479489902021962,55.9460508569095
56,8.692038676281417,-0.46426880762101863,0.7839402766205938,5955.310826311597,0.6285945607462565,303.25929407070583,2.190084826457656,7.193557631117843,66.25184558075956
57,8.551492350120792,-0.4555985937312743,0.7322478013251722,5174.470790094961,0.6340683050150571,368.7422037909036,2.0797502228313154,8.483577159989439,74.17014623989041
58,8.518543321760834,-0.43305344309597604,0.833528129645442,5006.755210904451,0.6485258316505474,266.57128832042775,2.3014241561694155,11.219064384888007,98.70699803684984
59,8.506890606148424,-0.5283294628757811,0.7873280197406802,4948.751522869589,0.5895890778974977,420.11691245861215,2.197516853051383,13.191394040158709,88.02027843929139
60,8.424577525299098,-0.5159173902610766,0.7498943743711588,4557.718850690595,0.59695270474459,286.56254900235876,2.116776418963692,6.222789044497873,68.11374437130738
61,8.486817207249198,-0.47927685890195587,0.8029591532674554,4850.403649887002,0.6192310213376918,307.3975835629417,2.2321363988939487,7.292840166042408,89.35372890127499
62,8.383764323684758,-0.47712353777301497,0.835723266702761,4375.448569401437,0.6205658612333282,329.9952196162569,2.3064816465306404,9.1207740837087,89.0396997964712
63,8.659657249865687,-0.30689625185829433,0.7818193526422608,5765.558177962136,0.7357269272493318,385.2951258875947,2.1854447454036032,9.797871959427324,75.3391200551316
64,8.7415141954475,-0.4014115691994777,0.7724879690593097,6257.3634136665805,0.6693745104063491,322.8968391945326,2.165146375412504,6.492481789183202,86.0989830238421
65,8.825414119336617,-0.4401983683182189,0.7695943734127106,6805.008194933336,0.6439086773319949,342.8739840945264,2.158890372822362,7.365956894966818,63.23869903382631
66,8.478500531544938,-0.4197688659764523,0.841233152108301,4810.231695801251,0.6571987032422175,332.72128250562594,2.319225171534355,11.541626658625269,74.51168947003792
67,8.621113412962279,-0.41934273784891885,0.8446568784180124,5547.559681188831,0.6574788137722967,418.57932789220763,2.327179172163226,6.2452763162486615,107.66110063482265
68,8.233326077397676,-0.3983855804193663,0.8071688873263538,3764.333417436503,0.6714030978580506,341.9720611532662,2.2415529061055435,8.771734347806525,63.5186283000856
69,8.40636902703932,-0.44696744068043265,0.7981919542039284,4475.480624386565,0.6395647317282847,306.4551374710437,2.221520684060935,10.76618961802197,61.29763601701454
70,8.442944657535334,-0.552161110906153,0.7863217218726193,4642.204580701789,0.5757043041762423,318.7791749573143,2.195306608795685,6.491944896674737,75.51762262716396
71,8.442197005275627,-0.4412174712974335,0.7805001222034036,4638.735123092534,0.6432528023394275,358.19875733208136,2.1825635410771134,8.260205554128968,78.90562194047952
72,8.596018631883522,-0.4633259145845874,0.732553892494079,5410.077147382664,0.6291875376933077,298.93260198813573,2.080386913445772,6.677889255572721,58.82168910113559
73,8.673523736649567,-0.5823964026156003,0.8295311387972145,5846.063084399958,0.558558231048761,302.99383918758144,2.2922437441129393,9.157151229737847,74.43093343336419
74,8.501158544192327,-0.4775873978089456,0.6783662086456652,4920.46611683176,0.6202780722826959,437.17224743492596,1.9706554608333509,12.36360275490908,74.93001961285294
75,8.723576796131375,-0.5523630291748233,0.6667330172687728,6146.1232496838375,0.5755880706951036,347.14707031649885,1.9478632786684917,5.708702155163901,73.52245031534869
76,8.749764858433037,-0.5204948046163523,0.812629118714283,6309.204377448887,0.5942264492252511,339.33042730259365,2.253825779513397,7.1821316927617085,80.55088668850226
77,8.230002606760564,-0.4675612404752134,0.7778002600962574,3751.8435322350915,0.626528358644817,302.71582608186367,2.176678867953683,9.526493781126351,55.58357617154392
78,8.606339276093218,-0.5588378238725623,0.7405627417084505,5466.201751625311,0.5718732952887952,294.6521548571604,2.097115316757429,7.097881763180125,89.2672032856547
79,8.711102646281132,-0.35983348963083606,0.8212774064241224,6069.9317871047415,0.6977925060859622,291.01750562764175,2.2734020418634233,7.94954368416407,103.90084169613051
80,8.86222078197072,-0.5999009935435549,0.8191194871239432,7060.14438894951,0.548865974679263,333.0919400702467,2.2685015130946815,7.426564288464878,86.29015391291347
81,8.81575991158112,-0.49014780398429536,0.6312453915806978,6739.627340030644,0.612535852253865,317.4011300119111,1.8799503963634245,7.896947909751156,60.28201216900896
82,8.675847055491113,-0.39340864975534906,0.8404026344890989,5859.661143109168,0.6747529536089872,337.7749367741125,2.3172998137989294,5.9721420432231715,59.3395970666574
83,8.606906611226323,-0.4083058295656329,0.7294078822779063,5469.3037997909005,0.6647755397158768,332.8611047639791,2.073852279364914,8.475809946301325,53.36103253081244
84,8.596810693762414,-0.5807443808257677,0.7290573496428813,5414.363960739576,0.5594817440390998,263.5040671092317,2.0731254538562482,6.62171174529982,66.5416160791281
85,8.155136032585125,-0.4650527223490697,0.7991092204780491,3481.2128514645105,0.6281019893043434,307.53812477551054,2.223559344916169,6.914284182625406,93.23670755404531
86,8.71496918627391,-0.49739241736245016,0.778031740721871,6093.446852787861,0.6081143023722637,352.48650521681617,2.1771827852610937,5.857955103047948,70.32787129973906
87,8.677009760192393,-0.46899486381027367,0.7097364552223262,5866.478160989551,0.625630796506528,313.12375225039114,2.033455281502791,7.690843494938009,64.4063779862941
88,8.605129778492913,-0.5721449756048703,0.7153876406992892,5459.59439032324,0.5643137004686579,343.400883278281,2.044979245818567,7.545800845211504,71.92814917101484
89,8.663457725516798,-0.4531230345434348,0.7963772046078985,5787.511731982251,0.6356399231474843,353.64784091016213,2.2174928361700443,8.03816955121466,57.74270857338183
90,8.580262765194867,-0.4404687521022312,0.7359537523090204,5325.504698752746,0.6437345984023798,378.5172032004362,2.087471974594959,9.484679332864792,74.91175655092951
91,8.62088788662984,-0.4777109921576285,0.7224600586022129,5546.30870146968,0.6202014141557031,364.6409243868382,2.0594934584374567,6.504196994184564,78.89649609351785
92,8.75457930690023,-0.45837957668108975,0.7622271365269382,6339.652954532005,0.63230742149818,394.29009401460735,2.1430437605828674,7.717480878282899,61.95462817283321
93,8.360013583463841,-0.3301930424883296,0.8639520462553242,4272.752804784534,0.7187849640001345,291.4319766156967,2.3725184931244647,9.070783828158149,56.41911234525498
94,8.264788068455621,-0.55390747843072,0.7809867917156648,3884.6496107670987,0.5746997902562166,352.3302459694652,2.18362598672011,8.042153672364496,73.67517984685773
95,8.675256152867822,-0.34575432172842024,0.8289865274306613,5856.199676763601,0.707686328905157,360.86485596361985,2.2909957019947944,10.424924686892117,43.58446065699293
96,8.713353750142108,-0.6096203338666322,0.7901488457677516,6083.611225127752,0.5435572001640083,355.7048624289778,2.203724416898068,8.237886860595927,69.6568239910747
97,8.669796425705917,-0.483424181579411,0.8601042012007919,5824.313548310385,0.6166681886009316,383.8828392977491,2.3634069507176587,12.676708083414288,56.49601200045405
98,8.560061823151445,-0.3645401089867738,0.7655644358203679,5219.003817741814,0.6945159791015914,360.6986162105195,2.15020768644415,9.191175049596877,98.13142156466417
99,8.256312915245216,-0.2920540886235381,0.8256738772520742,3851.865730584547,0.7467281453834903,331.71103666171143,2.2834189910984715,10.510633497607593,70.39616532701564
100,8.713304345737166,-0.5091804319163433,0.8046227542270633,6083.3106753595775,0.6009879275521351,341.26260386998655,2.235852873657483,7.6100602335720255,72.15750240668302
101,8.593526639656217,-0.6183856401790472,0.8098899430270876,5396.612061595034,0.5388135748419989,423.33434087842454,2.2476606023415076,8.826929764003106,102.17776764421237
102,8.200276428207298,-0.312910334261899,0.8057462358619932,3641.956907818645,0.731315483571721,382.9134761404093,2.2383662248870517,9.546795931552516,90.1685524391924
103,8.558711130444815,-0.5008847434558948,0.8768612040256871,5211.959305905677,0.6059942729979599,308.0617148521633,2.4033442478487603,11.480125203674964,66.16596928502715
104,8.906196140647145,-0.4167034296805222,0.8118992514105641,7377.544514715495,0.6592163949735043,360.5122105500044,2.2521813859362028,10.979242452338884,75.59712460590953
105,8.714991229558708,-0.46956854979814233,0.7527321651022766,6093.581173852669,0.62527198381774,306.36812468869556,2.122791918793176,9.609247944444153,145.76303384276002
106,8.496845707838714,-0.6243221411702782,0.8221665976682493,4899.290647675909,0.5356243832066433,324.46031641579964,2.275424430065117,7.014601894378112,69.40356149626132
107,8.636610562254315,-0.6558163227194997,0.8006928082670632,5634.200651823565,0.519018203256433,367.56195096811075,2.227083335881016,7.999699116852373,91.95055508508925
108,8.523321522787464,-0.46149952676133665,0.8686677820657781,5030.735740062453,0.6303377281779162,304.94696407480853,2.3837330852877336,5.667389591858358,72.57152980448556
109,8.632108266246993,-0.3485672497899204,0.8017231239935256,5608.890831629512,0.7056984553552499,380.3388800814789,2.229379117352903,8.992870092939706,60.35081775471876
110,8.605982404381008,-0.47037345081309445,0.8191007455998605,5464.251366886194,0.6247689042551299,331.8449390170971,2.2684589983173393,7.975314694613727,69.86640824397097
111,8.14378595539223,-0.44252287464353024,0.7720220977718586,3441.9242032471843,0.6424136458168994,304.4774780318575,2.164137930804004,10.842099349407187,87.83680437798027
112,8.656569708824087,-0.49237103892664597,0.837594897071415,5747.784233471271,0.6111755538354835,328.6185855807026,2.310802569949426,6.439616836274082,71.38650052816129
113,8.29320514214873,-0.5367491577476381,0.7711189140364976,3996.623434138965,0.5846457575892957,259.4905398818765,2.162184199046009,5.581063420200697,44.50635977880522
114,8.371735784328894,-0.5473996986863628,0.8262459842216485,4323.133581299437,0.5784520059644641,389.6567275463165,2.284725724777818,9.643167037543463,115.90777709785858
115,8.686173045761963,-0.4713529502622707,0.7555186200846458,5920.48142144658,0.6241572430673511,335.55464543218227,2.1287152316015274,8.045943823025208,88.61999044978214
116,8.589401510848395,-0.4843411642864337,0.9200395677672355,5374.3961948743745,0.6161029737217539,286.57685455154535,2.509389678918682,5.915677257579441,98.58674023002524
117,8.703672868194163,-0.4441241024365688,0.8387815387789513,6025.000661757762,0.6413858183451537,314.6639253671542,2.3135462922425067,6.9021409991608085,65.88460988214281
118,8.248778633067948,-0.4892322339663099,0.7449966852843576,3822.95373957727,0.6130969285282427,376.4668734268,2.1064344527379246,8.06273966420318,63.08693285891069
119,8.87198361296088,-0.38933816737696564,0.7979922015699433,7129.408944309331,0.6775051211411212,320.48292252922164,2.221076973770466,8.057277510246784,58.18431868902506
120,8.763682963947462,-0.43906061300619104,0.7867084651484144,6397.630484187397,0.6446417047739486,304.1619974975024,2.1961557930625135,10.15524700697789,62.393691983506564
121,8.481012616162937,-0.4594992431514219,0.8700813198161997,4822.330595220269,0.6315998442785516,289.6665536108092,2.387104964568601,9.106410472408125,61.08330229975976
122,8.900368948247111,-0.49549686441680035,0.7004400077732937,7334.679157026925,0.6092681084341764,272.6376157844422,2.0146389692819993,7.395458621804098,60.8263953093682
123,8.89518993110842,-0.5440183161977257,0.7070166383366864,7296.790924555715,0.5804112841155405,283.72073621632705,2.027932169822894,9.115141353103576,58.3513708075673
124,8.524649584375522,-0.37290148312430543,0.7568034735211846,5037.421305397122,0.6887330813331508,351.99651902681944,2.1314520765280585,8.124277251338581,79.57623549262053
125,8.590547534479807,-0.45981399757126534,0.7129594638476612,5380.558910552677,0.6314010767191175,364.73143438833887,2.040019698317837,7.689404431712813,95.02388511283274
126,8.510142037978476,-0.5807792945121395,0.798783550514807,4964.868238091931,0.5594622108099482,313.4472308561678,2.2228353163296237,7.895123058373654,68.52577551368884
127,8.814066253707118,-0.5090199981908188,0.7508758263868185,6728.222377896562,0.6010843540191695,386.3656798201097,2.118854953270782,10.039784313797856,61.525750360502116
128,8.2456488195121,-0.5735876941299896,0.8037404454611261,3811.0073119373465,0.5635001416483182,367.7718177631754,2.2338810310826216,11.133965504858274,97.22964571338058
129,8.381848094371605,-0.4907878772030404,0.7441311552568642,4367.072234646766,0.6121439099085967,360.04862877736326,2.1046120592500457,8.647115191122701,58.73566839554442
130,8.501861816105192,-0.5208629116000412,0.7477564724578928,4923.927759545304,0.5940077505741186,337.21055147870874,2.1122557926572885,7.305293217361065,92.30513233588076
131,8.126186085128019,-0.4741290977089845,0.8312241301557274,3381.876747520167,0.6224268934947518,360.07797583095817,2.296127779855093,7.709992220261176,50.091740349801256
132,8.546638687189771,-0.4330034653009218,0.6977956387232922,5149.416504747264,0.6485582443516,263.7019651341002,2.0093185580104835,5.996971111195894,76.65022989484164
133,8.703409036750728,-0.5280902736528853,0.8028534179577429,6023.411286809234,0.5897301181178458,334.81429796322203,2.2319003957376444,6.0487376137463675,100.28453433298749
134,8.567960447924698,-0.4949620910702915,0.9149784451422489,5260.3900023925125,0.6095940159149951,381.4097190725297,2.4967214348495084,10.269110930165327,73.22043200658166
135,8.525726283634482,-0.53939129938499,0.6814901745915173,5042.848014126086,0.5831030795744175,436.21426030399857,1.9768213473793093,7.388191400891027,98.6461316631022
136,8.83229682832453,-0.5307737195968069,0.8351457098388994,6852.006638772537,0.5881497306149399,383.2248707663147,2.3051499068390346,6.147898919034258,61.585242089807174
137,8.234719402059634,-0.49625209978528034,0.8080256442378985,3769.5820116716295,0.6088081413233783,347.44545885612695,2.243474194971676,8.822329187079069,57.02130845922853
138,8.659129536798872,-0.3842614248923456,0.7249367999161103,5762.516420232386,0.6809533857427692,288.1132643876562,2.0646006129111987,9.00930157281669,57.21958813490556
139,8.277343079409516,-0.617375172479999,0.7549062979720456,3933.7288798744953,0.5393583037243062,320.85737268954864,2.127412171180858,11.33988649847066,39.89853486435181
140,8.912654734073275,-0.4665638490347844,0.8763192067003225,7425.347278358742,0.627153564402522,343.4967017167552,2.4020419946352547,8.29621200805432,64.48070454714554
141,8.856461870790554,-0.4864626626021677,0.8333455427624858,7019.602495125,0.6147972977850454,341.4869928857461,2.3010039846664507,6.998217501636465,56.41507858292081
142,8.544837957136457,-0.5656550112453034,0.7096401670746642,5140.152139503997,0.5679879863679581,382.6789942774724,2.033259493286575,8.860270901797188,78.31925680967296
143,8.43930616819732,-0.4318229784371781,0.7724265980057293,4625.344659751483,0.6493243109162253,355.95622006644527,2.1650135021756163,8.300393909338093,65.48227355517494
144,8.661150757320552,-0.5092474872967929,0.7952630901419848,5774.175515509524,0.6009476294291256,342.12587090601085,2.215023671044904,8.57749629562417,58.001720024938656
145,8.863186916863716,-0.4715256878279008,0.6471970999642007,7066.968736882767,0.6240494369759622,385.8342331255038,1.9101792770129657,9.648749438672493,64.4177517995156
146,8.498480261194008,-0.4303239141140292,0.8006632101869564,4907.305348085899,0.650298419768369,326.0794502088649,2.22701741946554,8.057201974693815,79.33644850715379
147,8.513050422071334,-0.37004325943936384,0.7236264135893782,4979.3290004310475,0.6907044505037655,350.6438681462965,2.0618969602994577,7.7277260601636,65.97788026823902
148,8.322201128765597,-0.4550601185708405,0.7672822616152541,4114.2059460404225,0.6344098269896239,289.1158708289705,2.1539045430410018,10.385995049240055,84.37156687939047
149,8.378615560186875,-0.49644558495782476,0.7946098636188934,4352.978316170322,0.6086903573701996,307.98617286839016,2.2135772313115347,8.223367594130806,103.58871918365145
150,8.337428107470332,-0.4822505187832029,0.8098526431747152,4177.332264213343,0.6173923740031001,393.80057027146404,2.247576766496399,9.8822926752466,105.04126642313811
151,8.623145800606126,-0.5486190391476791,0.7409291824387335,5558.845938077992,0.5777471058726003,306.1290091326679,2.0978839260418622,9.454833136872894,69.82376613426702
152,8.752316763942597,-0.47306462604004773,0.8544254432018712,6325.325431815707,0.6230898020499541,323.03551396842715,2.350023770477858,10.833817465718672,64.76388717036292
153,8.799802537683947,-0.4811962509379904,0.8424538109534534,6632.93412242175,0.6180436141613501,309.26498238491683,2.3220578827891827,10.035150638946364,77.92318057262457
154,8.738969124513499,-0.41190322913928185,0.8755423738713557,6241.458228416648,0.6623883728436911,233.7251347667348,2.400176734148858,7.795647175105523,45.65359714022376
155,8.534520141769066,-0.4857099199624358,0.8700508107799165,5087.389663589165,0.6152602561482703,290.40214832449203,2.387032137407574,11.506018352836971,57.523285944718374
156,8.44411130503949,-0.5686771005944555,0.7778342006107832,4647.623557492891,0.5662740670370254,341.5123907934172,2.1767527468081553,6.200130661172409,62.32790191935016
157,8.824468877107554,-0.42538415925590284,0.8142841574116431,6798.5788529398515,0.653518681650611,336.9033234298757,2.2575590368861453,8.017601554289575,66.85376265905636
158,8.611795613270273,-0.47463990307184645,0.7816533013297402,5496.108708482097,0.6221090356882125,320.4646289379933,2.185081879563196,8.276615333331169,63.157309548326374
159,8.655744636658662,-0.3865061890117998,0.7884979885749267,5743.043852534466,0.6794265203828724,343.39333241784806,2.2000893838791855,7.942183223381011,59.42859600160041
160,8.354363073075739,-0.5035391102561341,0.8421989340466884,4248.677653178883,0.6043878748467175,364.0313258886931,2.3214661192753185,8.194027868088936,62.70619503676699
161,8.79198651827713,-0.5274437612578186,0.8049873258797832,6581.293057276914,0.590111509222707,293.42065950950945,2.2366681508393156,7.569700936698444,65.56339420061958
162,8.858255058432901,-0.526028831514429,0.7424512114673374,7032.2012521652,0.5909470665370703,348.9759100305288,2.10107939745919,5.902304776406401,92.54119852590361
163,8.339182904804693,-0.42130864931687806,0.8302631566692963,4184.669071157262,0.6561875383148542,410.64376634250044,2.2939223218002756,7.9749817944574914,47.43371135499519
164,8.78285378833034,-0.38713860668045585,0.7472616383681139,6521.461513611763,0.6789969748872257,339.7736501069681,2.1112108350463954,9.499612607409029,51.88780048440744
165,8.453562533761279,-0.5039380706889822,0.7694365871097136,4691.7575424159595,0.6041467960922003,363.86862029781975,2.1585497563648706,9.632124767276338,65.84583547179089
166,8.27535117668713,-0.3725063228027805,0.7897672909093861,3925.901073312329,0.6890052950995127,255.63868572055432,2.2028837355335305,5.58390718884425,65.5132858584056
167,8.56314845986843,-0.37918216415257106,0.8346080153516401,5235.137873727005,0.684420924352066,279.0694686646962,2.303910773609229,7.553497216329085,66.58351069881604
168,8.674928895385179,-0.4717400544540313,0.7699217842342386,5854.283505157375,0.6239156759410821,367.51456766954027,2.159597332619745,9.079530086193317,58.66007954272809
169,8.451333438380384,-0.46238830598019987,0.8132136206734449,4681.310815051441,0.6297777459913736,353.72990239364145,2.255143530173537,6.2622263763493295,77.81830780886477
170,8.38574648094282,-0.5176541458180952,0.7036587824002922,4384.129997676182,0.5959168435965241,363.487171149489,2.021134085629009,10.005737014366428,90.58080714747294
171,8.712692616454405,-0.5189820759927846,0.7745241499084446,6079.5904740773685,0.595126032825259,301.31526679762163,2.1695594964291973,6.975897786656321,61.416858574796024
172,8.585727273731912,-0.4986793965308698,0.77788643225227,5354.685621730619,0.6073321753316507,339.84232657336435,2.1768664451465316,7.87585031278092,44.54946622391321
173,8.841039131972,-0.5584642889881127,0.7895192137467895,6912.171568255086,0.5720869498152958,323.26913876760904,2.202337318166526,7.9816373453494895,87.8972549520613
174,8.530646223497193,-0.5099625663523535,0.7533896780356502,5067.719656414723,0.6005180579729124,430.01583217262566,2.124188140901389,7.517013385422634,65.17049387393725
175,8.462785545025774,-0.4884391342766409,0.8154990694235054,4735.22983966359,0.6135833683841471,294.15640445563895,2.2603034392436774,8.640099814017606,69.52175671131351
176,8.734839278020594,-0.3822429981786156,0.8016259180664199,6215.735116852766,0.682329228298938,336.6483353315758,2.229162419021282,5.626366539149052,85.10360397265171
177,8.486329357873112,-0.4745816405284472,0.7988871872867913,4848.037960589584,0.622145282398806,409.43144340673484,2.223065695744144,8.680478243511082,55.12236432707381
178,8.470577733921022,-0.5302821689365603,0.7880793192697313,4772.271776494602,0.5884389070699636,286.31194476014025,2.199168466778782,11.821262758405952,100.45770646228536
179,8.601937907047411,-0.4493706580477238,0.7710824327384452,5442.195848610411,0.6380295640671382,346.3168353945207,2.1621053211985912,5.0018999858479924,69.56677594885669
180,8.335516333091187,-0.528835188718929,0.8317601120749808,4169.353776381788,0.5892909828475058,286.48157242875646,2.297358792700235,12.346593194719494,67.23195319193121
181,8.726774533717316,-0.564066122757343,0.7101346841947942,6165.808396199381,0.5688911732824304,284.90857605356143,2.0342652235705985,6.064332415489686,64.1709309855404
182,8.429930172531513,-0.48246476297307256,0.7718714039524135,4582.180119751994,0.6172601154424201,288.5071652152645,2.1638118331644716,6.955345089766543,65.51735685756812
183,8.509241821385679,-0.4204239400936482,0.7729107130086984,4960.400792458991,0.6567683303603269,399.8165087008795,2.1660618714388193,6.134933276861959,63.71505196293514
184,8.626614257767388,-0.47882115330413194,0.821368127152977,5578.160032772606,0.6195132726873371,378.8286709719789,2.273608295909258,7.209210395528705,75.24988848691383
185,8.211251113104488,-0.6079531821464792,0.7606087004898082,3682.14636723794,0.5444641482852596,366.1707434771125,2.13957818649305,8.103917405409769,85.84355579446155
186,8.606383432536743,-0.5536346931772399,0.7272763994358771,5466.4431249833115,0.5748565812683424,363.5530045972379,2.06943660645185,7.012412871913016,58.422314167437825
187,8.77375438004953,-0.4552810548063899,0.8586639697881124,6462.389241666397,0.6342696783531795,370.23028754348604,2.360005547777922,12.551176674742731,86.3365882326094
188,8.707751174081322,-0.3751231622108566,0.7778592164642522,6049.622631261106,0.6872046359364058,328.19452418928563,2.176807200817011,6.122259950258954,56.01880694760409
189,8.5239920658418,-0.5250035634936581,0.7125179022070394,5034.110196203775,0.5915532563667817,340.5719844322178,2.0391191027218145,8.505003743270882,71.88680336411127
190,8.54370923107187,-0.5704774695939886,0.7060979396882273,5134.353588911421,0.5652554819511292,370.1507928192888,2.0260699668119817,9.728722205107974,80.6737510309518
191,8.636379137160498,-0.4901316166576701,0.7501571886907163,5632.896907274551,0.6125457676520268,306.85522561642676,2.1173328112286223,8.867100552183038,110.96412226316549
192,8.515215657529778,-0.5184311155635649,0.7493584782367,4990.122100727047,0.5954540140637894,473.88251876741924,2.1156423505618327,7.33712488722596,78.13964073896678
193,8.656618583022466,-0.46538807069198457,0.6950488195817659,5748.06515868308,0.6278913916568083,311.8145070731029,2.003806896567956,9.330540875206013,82.23255552952624
194,8.566952341527784,-0.5506190745745233,0.7317378815843946,5255.089641693493,0.5765927459582606,379.65777842669013,2.0786899874772486,8.53091075897868,61.694844002856875
195,8.596786097861324,-0.5128032807398182,0.7618349303862336,5414.230791216852,0.5988145783807308,376.0523822616345,2.1422034104661787,10.682185119219858,59.27350692279426
196,8.670940268595997,-0.41499109430824443,0.8950383787848402,5830.979459603044,0.6603461615181629,269.8583726229629,2.447429717038408,7.651099179006984,82.98049279080908
197,8.386353782819414,-0.37384310886787875,0.7006234358520443,4386.793296682387,0.6880848577732088,305.6788166039924,2.0150085445317134,7.975622683594977,99.71269668351334
198,8.715924485865765,-0.36324810940466856,0.7426134300774794,6099.270701396515,0.6954138733709646,303.25408529739076,2.101420259285162,7.978754536472281,63.92770270552416
199,8.588173138400558,-0.47416258786366694,0.7532882160468546,5367.798487715282,0.6224060486708602,390.2529973661417,2.1239726274814323,5.899562940101602,52.17688832750484
200,8.610669015777857,-0.413778344118878,0.8043261529235158,5489.920292774425,0.6611474822533154,316.25696622301245,2.2351898151174905,9.173558812920199,88.12010982879293
201,8.444353405250883,-0.4844643438282517,0.7905822078635308,4648.748884354075,0.6160270871136729,404.17908959142204,2.2046796344924946,10.404085441224078,74.53238337280318
202,8.49232084209125,-0.4655284847292691,0.7553787971917688,4877.172094717379,0.6278032330810251,336.0353740239832,2.128417609287425,7.848033650743646,65.6222473420872
203,8.819180105752977,-0.5037317876415107,0.6212070938443104,6762.717638322665,0.6042714341893397,317.79904621542823,1.8611732972870558,7.576745973977401,82.20051736480741
204,8.450374287737104,-0.5432065234580461,0.8912057341330999,4676.822885416148,0.5808826490814561,357.8474805149407,2.4380675410300037,6.314099619411762,50.61517395798626
205,8.805911621854166,-0.5532516105475612,0.8209324288235795,6673.57930127099,0.5750768410253326,341.40177318794093,2.2726179043446684,7.056416530509083,72.2428451941146
206,8.305797554970274,-0.5649899407985255,0.8467305947077457,4047.268770576513,0.5683658640355224,351.7550763952797,2.3320100887656965,10.196018642416718,63.90519250387116
207,8.653654962664925,-0.3921946834489444,0.7558930645675626,5731.055293603417,0.6755725783575721,313.0355053515922,2.129512466526496,8.74605091285775,65.95843427991237
208,8.623653042858203,-0.5248519889941409,0.7350889338785404,5561.666334862307,0.591642927551314,302.1402760057283,2.085667470754775,6.72769920717387,57.313012197261436
209,8.336628431324291,-0.37142831759674494,0.7862925576147799,4173.993086555869,0.6897484468833943,348.6293562696911,2.195242585241314,10.974877220216465,64.74651625515965
210,8.651253138216303,-0.4923865064030561,0.8309249631956936,5717.306822199513,0.6111661005651313,379.7689604797395,2.295440957029816,6.587369623027612,88.97631723480036
211,8.610845624265691,-0.4785387612061686,0.7747304348622822,5490.8899449175415,0.6196882430440878,334.0770459160803,2.170007090074096,10.944951551355523,66.97713068312339
212,8.69718928010223,-0.5111951396150688,0.7339035553846168,5986.063402189623,0.599778331448097,380.0907068515391,2.0831966301194615,6.5750055776224325,90.5831206666031
213,8.605709155214097,-0.5874206731620426,0.7605498283032329,5462.758468728277,0.5557589215129026,286.91395792889114,2.1394522285546085,7.812711413705273,59.93285180274065
214,9.065772306218694,-0.4967475542531234,0.813938234544157,8653.960065636797,0.60850657932099,368.8271927625855,2.2567782306477393,9.703980398031245,61.63398449729477
215,8.658101922932492,-0.41116196389124704,0.7742234705661425,5756.59781999238,0.6628795603528067,318.633968377121,2.168907252769737,8.596843174188965,73.06876329614248
216,8.587888420953004,-0.5764750716396467,0.8419670726600993,5366.270399377902,0.5618754506894486,346.19137938282745,2.3209279233178255,9.200006738488343,74.52953191466497
217,8.44761227216736,-0.38826760565259916,0.9078401868759671,4663.923250486608,0.6782308205755856,318.1065843102614,2.4789626512283554,6.926735170618188,85.26538683870541
218,8.472121222267125,-0.6536865567798886,0.7448867968516266,4779.6434099177095,0.5201247684919683,313.86388081706696,2.1062029926748878,6.923697405198648,82.2504877407672
219,8.49300948521647,-0.4746034822141905,0.8082186917809042,4880.531882465517,0.6221316938454601,333.7464632363583,2.2439073339596756,8.756350406381369,70.69684715413418
220,8.505639698973487,-0.23485699078686778,0.723674237833687,4942.564964294618,0.7906839166284848,296.51344368076036,2.0619955713214067,10.135298512747884,65.67793957422128
221,8.481198760744173,-0.42667467985587354,0.7815503894312761,4823.228329481086,0.6526758462946444,319.0058562402719,2.1848570202092206,10.882982444907993,63.41618333746191
222,8.555640911347593,-0.46916085149306536,0.8030437494135837,5195.981988393926,0.6255269581185179,407.1848585483263,2.232325237018304,6.52139024824406,91.30556683385696
223,8.42812079170848,-0.41655140419113956,0.687446266498137,4573.896707099526,0.6593166202867673,357.9347513829953,1.9886306106247438,12.094403313616823,48.7498634202469
224,8.495031788590799,-0.3776569128274702,0.8329494605042704,4890.411785273176,0.6854656347943201,260.6356477401761,2.3000927782802956,7.137619240503237,67.77331481814363
225,8.222275400688105,-0.5238659010238461,0.732198574080046,3722.9639869078696,0.5922266272672188,341.36868365511947,2.079647844977205,6.84125905810322,98.26488272343745
226,8.42046403748296,-0.46876552205277155,0.6961075959891373,4539.009236994656,0.6257742962275564,357.8200908007823,2.0059296035727208,7.126577931544071,72.63431166636362
227,8.37911707262236,-0.5650165826364406,0.8305617862748547,4355.161936437873,0.568350721926004,284.0339652923058,2.294607457214184,8.43276974103396,85.64739289792259
228,8.452697273071184,-0.5022197363564131,0.7859911249241592,4687.699704843889,0.605185814708861,317.30165574380607,2.1945809670839598,11.289054387348996,63.19448543826725
229,8.580516672736074,-0.4226416698938296,0.7851367423197748,5326.857056236111,0.6553134095691835,389.8013265312606,2.192706756042435,10.000192185830457,98.4876164440924
230,8.521855191582992,-0.3867227885665043,0.8980064207213929,5023.364420983709,0.6792793728377247,347.2179410113129,2.4547045817866495,8.88119062750972,86.82185793061885
231,8.37869856594521,-0.514663397415309,0.8870628259855233,4353.339653432805,0.5977017487153357,369.55611927155934,2.427987745400849,6.1323009896142535,74.15363022364309
232,8.33772175556344,-0.4637234696562692,0.7630212944268083,4178.55910998865,0.6289374507116265,356.8629751735812,2.1447463516887066,7.048417653120581,62.86588088542909
233,8.533335751115072,-0.5242378276695319,0.8237025775454175,5081.367773657407,0.5920064033603616,403.45041805105103,2.2789221217060467,8.474816565908357,88.8704136401585
234,8.530523570152956,-0.5663582291724044,0.7231966045767042,5067.098121768641,0.5675887074400703,367.73518068633945,2.061010928828512,6.35775673618181,63.37967308554986
235,8.305843582159476,-0.5926273926249386,0.766868414187403,4047.4550592691044,0.5528727609540581,316.30343189204626,2.153013339609871,6.09406767221649,79.23416836208081
236,8.192432165514715,-0.5349428827279831,0.8351419412112149,3613.5001979897384,0.5857027429323078,368.54838142302214,2.3051412196036485,7.250640687099276,50.65587657669185
237,8.513815840696294,-0.6166552708711287,0.8503032009696792,4983.141730568965,0.5397467284319254,242.2799197669579,2.340356342673908,8.544808123212475,100.7594950052282
238,8.910668582791372,-0.32931951624863187,0.7600436602675262,7410.614051395363,0.7194131158405037,422.42273303018504,2.1383695802466915,10.905859223658531,91.09738661088592
239,8.367258103883389,-0.45744296212261065,0.8264948078833092,4303.819244583477,0.6328999272660392,325.36281691674975,2.2852942893317714,6.827265631311618,45.723307077289164
240,8.347308133495291,-0.3868093771819837,0.8964524811707822,4218.808973788784,0.679220557523712,332.37695218169273,2.4508930814394927,7.504043973279617,94.73704134056916
241,8.494324030066325,-0.4043544204350017,0.7754609178004294,4886.951779212787,0.6674075364767614,278.61980236501165,2.1715928223337206,13.852560437773738,87.03719228208271
242,8.404922304832128,-0.5445247800923192,0.7779578480343321,4469.0105285235895,0.5801174011829506,424.84869202242004,2.177021913317531,8.05524140316304,60.27686633519555
243,8.552290446961184,-0.6604245835204761,0.7859786672139628,5178.60216728348,0.5166319345126417,313.49284646676483,2.194553627800562,6.688193325730741,64.84573908639364
244,8.039882290671585,-0.6338307837378894,0.8243400967104811,3102.2480053061827,0.5305554598781658,374.94408897480605,2.2803754414446917,6.6216229540659945,76.51335412404413
245,8.646052405307135,-0.47966610737040943,0.7421713808513747,5687.6498223709,0.6189900335161301,397.54272938066794,2.100491533372233,5.740114083025105,59.87751062817091
246,8.75324205916866,-0.36707742078943995,0.75507380892645,6331.180933857327,0.6927560092510303,348.17955494459494,2.127768565873238,7.944131187620989,62.31805285610217
247,8.533026228771169,-0.4330399409488192,0.647799001191958,5079.795220176647,0.6485345882008774,404.88885462936946,1.9113293623492027,8.311921619279472,66.86924721557017
248,8.206698427437843,-0.397727461589334,0.8328986657443724,3665.4208142311727,0.6718451063103822,312.2765961052544,2.2999759485870728,8.975895759884752,88.3811661680738
249,8.370047064777598,-0.6060377255236251,0.759769902164611,4315.8391819287435,0.5455080451944542,335.000917279947,2.1377842643682095,6.231316941419094,90.6200781278586
250,8.08361488690891,-0.47516430856559977,0.7695784346808294,3240.9276738970475,0.6217828838175748,349.7528994091803,2.1588559631217725,7.897963768620081,84.7857090448422
251,8.79101324218182,-0.4714752026278359,0.8194438429886112,6574.890758175771,0.6240809430319264,294.9038183017155,2.2692374342081747,5.7808976629531355,58.051975540981246
252,8.757779143079848,-0.5332793799648482,0.7430158042702687,6359.971295767299,0.5866778719035524,349.3655125100285,2.102265986703736,8.153202503567796,49.51494943804919
253,8.25642341007949,-0.5649208503063057,0.856538825850723,3852.291365364884,0.5684051340694068,336.18986429875986,2.3549955216946734,7.472762856265909,64.3564700604184
254,8.668100761247823,-0.47511171019886655,0.785768671977464,5814.4458353631535,0.62181558944185,403.54154702160685,2.194092830376808,6.893079983694009,69.52310586465741
255,8.27688090391521,-0.43216007904256115,0.7512592477258018,3931.9112268546705,0.6491054601873546,317.66539644781426,2.1196675232424553,8.788046715641045,81.4347299227039
256,8.741716777216425,-0.39700830657808595,0.7854256383248331,6258.63116982353,0.6723284408607687,313.0215650797513,2.193340311775974,8.716014056969678,43.89551762141757
257,8.665556890584117,-0.5718777636125081,0.7830745409552958,5799.673434681589,0.5644645120053057,335.4543415111371,2.188189612408933,8.674622898286882,51.72414696244445
258,8.607594000847827,-0.3884309165610587,0.7120793763103441,5473.064634891153,0.6781200671280013,338.42488545335675,2.038225092226529,7.898465655310301,46.44868160789613
259,8.652344271111852,-0.5211876944062939,0.7739509552917602,5723.5485684152045,0.5938148583956784,339.664752882729,2.1683162729438106,9.5409239268995,61.1433707209148
260,8.651527845162741,-0.37795047897416134,0.8289937907665337,5718.877621843399,0.6852644348234194,347.58631363120344,2.2910123423264923,7.414939192815289,74.6700330525904
261,8.340719420846671,-0.470082912724391,0.7510240553021443,4191.103824600439,0.6249504497901228,381.73046987456087,2.119169052120929,6.368543877152782,79.22406463971907
262,8.493109100255534,-0.4681026142618387,0.7651673610762844,4881.018081055585,0.6261892644115159,285.03768780239994,2.1493540627647465,6.98709277694992,81.78951112126093
263,8.33941403630179,-0.4918982906790333,0.7890344138629312,4185.636391769359,0.6114645543143955,362.16824804698564,2.201269884057335,7.987053574310122,71.79134994996323
264,8.244545364152229,-0.40618988438573034,0.7814379152058779,3806.804354806732,0.666183657539545,352.4049043704574,2.1846112939274622,6.5896290016940195,71.47267010348125
265,8.594377688691777,-0.4151448648301677,0.8033863190653907,5401.206797981009,0.660244627550922,362.2613108446674,2.2330900948985386,9.499325479209343,109.75570510844112
266,8.282077300278187,-0.41543122929381626,0.7017225134377015,3952.396173910199,0.6600555840212428,352.72221253107085,2.0172244127403975,6.935134029525447,67.54624996899845
267,8.44043961561617,-0.43387479875796786,0.7052390234695192,4630.590216937413,0.6479933799828032,372.4390893969472,2.0243304895967853,9.317490844140847,72.75350732351325
268,8.448215603517161,-0.46377709451133753,0.7935386944105025,4666.737990621791,0.6289037249362631,355.3084964444357,2.2112073850207437,7.757048766661092,86.92888594342958
269,8.636785358656597,-0.6138876869787917,0.8153095190251867,5635.185575905325,0.5412425917923464,315.446366111758,2.2598750384295028,6.29309486162354,97.08383092807586
270,8.821400765806501,-0.46581501923546653,0.8343232105900185,6777.7520221848945,0.6276233715611417,347.73576503014243,2.3032547022811074,10.230804207935241,93.39093346757367
271,8.507985313568666,-0.4432040385574979,0.7155992933889241,4954.171924218084,0.6419762058246109,284.8477563297014,2.0454121169837496,6.583196454936111,75.64785393127259
272,8.385807053910412,-0.5182817672206901,0.8070990669709417,4384.395565483481,0.595542950775158,340.6557961450028,2.24139640554849,7.831747299924555,67.73199062948083
273,8.307350014079923,-0.28059890863589687,0.7622573874159129,4053.556869593963,0.7553312315656636,382.68802764497167,2.143108590542314,8.458757321924619,87.09318376347402
274,8.322553473741113,-0.5530167954622931,0.7708135786277359,4115.655821246871,0.5752118935983639,309.5961217869265,2.1615241084294228,8.143721778263378,67.84521455449398
275,8.715924250639693,-0.41932611183467217,0.7939252576813028,6099.269266689197,0.6574897451152935,341.04788075884926,2.21206232181285,7.370430165076561,89.84097714223212
276,8.918541688004627,-0.4626038833140766,0.8103653391649825,7469.18887582773,0.6296419948169217,275.1567196511221,2.2487293855387325,8.84685378928434,83.29930070172131
277,8.69379168954828,-0.4597754696302641,0.8179812715917901,5965.759721048133,0.6314254037711821,295.60179962564973,2.2659209383414995,7.503973055023263,78.0309157800973
278,8.601058584692144,-0.36556217537998376,0.732630653781741,5437.412507496582,0.6938065002887912,318.75462164862796,2.080546612753367,9.486254698392099,90.01516448630802
279,8.957284132438001,-0.5319613269121868,0.8507437161889415,7764.2421485656805,0.5874516542946431,332.7553022567622,2.3413875323720554,7.562465515398827,77.82140121350123
280,8.77593668490676,-0.45195729538611235,0.8399477295213318,6476.507544715311,0.6363813455644637,389.21870018257937,2.3162459023347814,9.42175382001845,65.73779512099317
281,8.239436847964091,-0.4656372930695486,0.7766651881230483,3787.406821625928,0.627734926569438,357.97305303936304,2.174209582449494,7.406235565776903,83.61028717169921
282,8.492154478287814,-0.4645779616750122,0.7041078079889025,4876.360777306489,0.628400258225737,266.63108423725214,2.022041830336518,7.472997841305408,68.77975846472756
283,8.639784143564373,-0.38484873955910714,0.8269448255207035,5652.109648506842,0.6805535692524786,321.1979784081477,2.2863229435075083,6.314686501668841,58.84006855420289
284,8.532889508368864,-0.5069350596215225,0.6673395066710662,5079.100756005312,0.6023388853281701,313.37883806653883,1.9490449954172406,8.027563845103773,73.6812724372622
285,8.798439636273079,-0.3299710917164863,0.8436042533357748,6623.90024468883,0.7189445165834382,322.05324750952354,2.3247308138235145,7.050647440524177,69.12769969590022
286,8.591602928515599,-0.5165014650838099,0.7626631474488843,5386.240517976019,0.596604141502802,313.39514120712823,2.1439783548005273,7.726704749810821,58.31121386358959
287,8.524875687094978,-0.5287368511756544,0.8060925210347615,5038.560408825655,0.5893489351244285,363.2603539729876,2.2391414721425233,6.69966306832713,129.17199774243542
288,8.62141116682925,-0.49028931689038163,0.7687999122843776,5549.211734476576,0.6124491766583329,340.79841185610917,2.157175899472215,5.72058555880538,61.51388998643584
289,8.693648928574328,-0.5599252029905931,0.7472681488712716,5964.908104170262,0.5712517901764177,288.63783534939154,2.111224580135947,8.519767423818541,51.5861346328113
290,8.566211955122814,-0.47806740295598016,0.7388703033199642,5251.20028475705,0.619980407061542,343.4027692037973,2.093569080030323,8.076816455030958,78.25176190909494
291,8.936373478672976,-0.4167821028540572,0.9066040837250914,7603.572477610472,0.6591645343677114,364.4670274218593,2.475900290770902,4.762716537016326,59.9547968200708
292,8.44084062403584,-0.5027729951137045,0.8173852969009463,4632.447494969624,0.6048510829622582,287.8753294035907,2.264570909142371,9.958030427125848,63.39557034466582
293,8.273127362506518,-0.4907674515014423,0.8558524910742698,3917.1802991184168,0.6121564135051325,265.2142855654761,2.353379760909577,6.8121742158038,55.48405569605143
294,8.424351243756554,-0.4412168646707656,0.712499776518104,4556.687639714986,0.6432531925538499,312.9389106968012,2.039082142618221,5.169565143391512,71.17492881909955
295,8.397550604349249,-0.38859840869113615,0.8016870303220898,4436.187451039631,0.6780064968648379,302.31592431921206,2.229298652327683,8.652619542752829,134.38370068709443
296,8.54945794659131,-0.5260168027275947,0.785431706296156,5163.954529242545,0.5909541749561168,422.28219703170794,2.193353620942467,7.681678327552499,95.56618259220183
297,8.629790804548843,-0.5296450300667052,0.8377278391173932,5595.907491965026,0.5888139438327554,331.65230418605927,2.311109793191918,9.304126689637434,59.527359029683325
298,8.728842079890887,-0.4267714335764098,0.718198157886854,6178.569677479115,0.6526127005330542,222.2782384807869,2.0507347793615436,7.124532344065081,70.16964369987038
299,8.523029935694693,-0.5501723970866024,0.7377375813336662,5029.269056296926,0.5768503544872607,309.88770133601395,2.091198990882996,9.072555869869653,90.75917910316454
300,8.561710751367034,-0.5039750302257381,0.8459999165669226,5227.616679437984,0.6041244675191136,294.905647975379,2.330306762337133,9.459771614471919,60.87785712615514
301,8.47275568905483,-0.33247146135283323,0.8272537099791653,4782.6768971400625,0.7171491350380766,357.436820092814,2.2870292622116017,9.075203255890159,134.77054112368037
302,8.606309179885221,-0.45862139190296386,0.7646174659215745,5466.03724215601,0.63215453842423,423.1607221129918,2.1481724682861905,7.68703987988756,71.66664131239698
303,8.475145571296217,-0.4294199993269878,0.8300676281196625,4794.120600828177,0.6508864998730971,309.5409087916214,2.2934738383428104,6.910517673704817,69.93789185255132
304,8.376721805928842,-0.5505957313140143,0.8026765871621848,4344.742645578377,0.5766062056700333,360.38606052111936,2.2315057619077954,8.66231910051833,68.19366958987659
305,8.625572353574661,-0.43601778453242257,0.9661405872586313,5572.351151121326,0.6466062262437864,300.55443235136374,2.6277831638261744,7.292990977516669,35.24910357144876
306,8.524802811945452,-0.6369020097522415,0.863054481262364,5038.193236361504,0.5289285038014903,320.60869383107905,2.3703899589716557,9.586761138191058,77.84614880016927
307,8.571922431209824,-0.3592320171850285,0.8665292295024278,5281.272921225786,0.6982123352964582,314.06209722335274,2.378640793795121,7.694431748240789,84.61272159144309
308,8.668278115717126,-0.49547536191605757,0.8854998545276579,5815.477144769537,0.6092812093629816,417.0319986366945,2.4241958339513556,10.391601290173755,92.23198429989029
309,8.760753233616365,-0.5044167140937277,0.851416586597872,6378.914581771261,0.6038576944065798,384.07906892541746,2.3429635129143023,7.13576373647617,68.16160527195265
310,8.745034225387982,-0.48548182881164814,0.8217382964870631,6279.428332034662,0.6154006075739796,343.23331541034037,2.27445007176832,9.168744539433531,95.90418027069511
311,8.413176554800607,-0.3923154228955012,0.8497994297424086,4506.05152103527,0.6754910150224074,339.38725593708745,2.339177635411239,11.612537252280957,71.66656407122917
312,8.333619157837422,-0.6278886302076324,0.6753346775224686,4161.451280153459,0.5337174871989352,269.5885698099927,1.9646904036672914,7.62389354677577,61.29328160829625
313,8.270131320724397,-0.5204157542094624,0.7772594509093665,3905.4618265565446,0.5942734249245467,373.28565716558876,2.1755020182792237,8.729912118040946,104.0890555711622
314,8.608660689338777,-0.4221779406582037,0.8421229820341058,5478.905804747892,0.6556173680274632,381.7070280696577,2.3212898059471785,6.394089078456429,69.27032459316676
315,8.398744542751587,-0.49729734645905804,0.7759205035357121,4441.487148724134,0.6081721190966565,305.55686553095336,2.17259108479373,9.894074309346736,89.40519124465008
316,8.445616528636188,-0.4888923303253223,0.7616440110514722,4654.624537838767,0.6133053578274599,363.8422699837458,2.1417944614555076,7.0840385372730585,104.76002104089389
317,8.770314992880023,-0.4848306783819596,0.8223740836065704,6440.200762282898,0.6158014564363232,332.56343361407454,2.275896597620438,7.679767167084082,75.35394865888343
318,8.713321280924648,-0.5062712585777064,0.8093128185606784,6083.413698238728,0.6027388512431915,339.15145204252184,2.2463637966608494,9.451201705589968,65.0210951444691
319,8.236539246654328,-0.48187986356800117,0.6696101179099632,3776.4483110237024,0.6176212561219052,304.67239043910433,1.9534755470155372,8.199477755471996,101.9080532808812
320,8.417078848504127,-0.5675608321840072,0.8000174768251208,4523.669811027143,0.5669065338253891,316.9073420477563,2.22557982422196,9.510570938857875,61.93311081514493
321,8.780369461976116,-0.4948981198036905,0.7625206358021785,6505.28018308081,0.60963301366366,373.35348861415207,2.1436728346852876,8.10018957253826,93.20087443335836
322,8.391147923965958,-0.4621508312840844,0.756438875577136,4407.874696152186,0.6299273200295449,325.9384968100789,2.1306750951346345,9.446029696899593,64.22805946706225
323,8.632619247007757,-0.48336638335879534,0.7616474345543203,5611.757599302884,0.6167038319549943,372.05875787227757,2.1418017939074976,8.069254654963308,70.51457094358075
324,8.555412116994859,-0.5936716060826297,0.708234397563861,5194.79331304436,0.5522957450929734,325.57030058686155,2.030403207193693,9.437448720452506,66.0563669349675
325,8.679603605254071,-0.5429903476694415,0.7751384702317835,5881.714648398059,0.5810082354200818,329.20225801183005,2.170892710388834,10.493243967044169,73.19586931304109
326,8.69663858663494,-0.4347496651542427,0.7064485418211026,5982.767823689319,0.6474267202615648,291.76368705538397,2.0267804358023946,8.34748142542341,69.80264044242327
327,8.2449064369304,-0.36711750011342176,0.8424534841239506,3808.1791364142464,0.6927282446148928,338.6686007032293,2.3220571238722836,6.854055088451352,85.51108661858787
328,8.513723777974253,-0.5169134303791738,0.805117677957863,4982.682990093703,0.5963584119209377,395.7796143146598,2.236959724183935,10.053773151602027,70.43430853086663
329,8.458437486348192,-0.5224564748881873,0.8345538643098236,4714.685478878957,0.5930619154541493,398.77650148676923,2.303786017818444,7.825182701405105,97.44275927316258
330,8.70809968400041,-0.3972727159985445,0.6867480850835411,6051.731352188583,0.6721506943873194,263.6210426255322,1.987242670265371,8.652987266534433,86.93960212972584
331,8.424556136927855,-0.42401259755890586,0.7036145374139031,4557.621369550281,0.6544156378173847,373.65756056483247,2.021044662557176,9.104919749382637,78.01549551191833
332,8.477573876936777,-0.4694166980193403,0.7898419156633069,4805.776337042189,0.6253669396901443,342.94606856988077,2.203048131324132,6.854214753732305,101.51277193122054
333,8.287746207784757,-0.517004713338784,0.7522515197214091,3974.8655705410583,0.5963039770446353,377.48829928856986,2.1217718538272607,6.92536592779571,61.478279744000744
334,8.481766475878928,-0.43086650661295084,0.6281397228668226,4825.967326613611,0.6499456684325109,410.1777028112611,1.8741209500837694,8.605111124643393,114.82895845547401
335,8.484412861367883,-0.40013975687090886,0.7763144972951767,4838.7556104178675,0.6702263707495327,361.25891237365244,2.173447240771988,6.451985851758971,54.36840298755432
336,8.302462016757142,-0.4855715887591662,0.7410209433926975,4033.7914405036927,0.6153453717267617,320.9988438024895,2.0980764387046595,6.905180576268161,69.36899659752534
337,8.182527567373556,-0.562719819909722,0.8111597260652496,3577.886591022258,0.5696575888869998,384.1478990468835,2.2505164564237226,11.36901964520881,63.161940584147224
338,8.787791828027482,-0.5127186964439873,0.7013318697946118,6553.744390914769,0.5988652308323472,314.98381351265584,2.0164365507435345,7.943018424340641,61.10163973149922
339,8.515885612273957,-0.4952240739387966,0.7795203035782718,4993.466376834197,0.6094343336440051,342.1940128103667,2.1804260720060413,8.24487076089131,54.43620954025265
340,8.910622042593259,-0.5413046919814833,0.7572154197838956,7410.269167974805,0.5819884411694675,447.08328308063346,2.132330301123382,6.661637927975368,78.63034517402474
341,8.693632320516414,-0.37409899540962577,0.7784185302146601,5964.809039453657,0.6879088086437868,329.6057201754965,2.178025059567239,6.2949437745434365,83.3679763745075
342,8.38207495993141,-0.4914528467074467,0.8071621491067623,4368.063085324685,0.6117369881864619,267.06767462030786,2.2415378020807233,8.863083101824843,68.25404831530068
343,8.670619077169992,-0.6508090958317678,0.7997072361771929,5829.106899736592,0.5216235625279678,297.6647512336868,2.224889465989408,9.494975801761852,88.41708006400881
344,8.229151167686394,-0.5221267963094954,0.7445876752371072,3748.6504256123517,0.593257467496401,280.9542854545326,2.1055730760507485,11.040636692506808,105.88059292418767
345,8.342486482060286,-0.41075635474492583,0.7305449023715934,4198.516308839026,0.6631484849008364,334.79644571949586,2.0762116321394632,8.487456152527514,130.97321869414924
346,8.367772248441103,-0.5655742611126816,0.8152576720060576,4306.032598768711,0.5680338533250414,360.46923361728176,2.2597578736825037,12.621684488244359,83.35261567196717
347,8.549279656130773,-0.30034817700772454,0.8709338874850051,5163.033927481026,0.740560329708832,300.78263369940186,2.3891410008894782,5.502557514483632,64.40605816204646
348,8.686187435238413,-0.3971660159753237,0.7183815386010046,5920.566614687505,0.6722224167083372,310.2262823835122,2.0511108790535775,7.964382870587002,82.28374666984637
349,8.644268973985744,-0.5938807711048197,0.7630426408509347,5677.515329304932,0.5521802362218244,257.2167660916614,2.144792134842625,7.051682795136624,96.51016184267364
350,8.553509409917405,-0.33332395353999744,0.858912839942056,5184.918540420732,0.7165380315209217,356.16309079036114,2.360592955813037,5.833105119858929,49.46480132671208
351,8.475643348142489,-0.39488097360991264,0.8125032740531826,4796.507597107957,0.67376022972431,412.0531699816,2.253542165418029,8.027275493716246,81.1497579210668
352,8.845097001723287,-0.3360341797970381,0.8889118177075851,6940.277246201423,0.7145986805607694,277.19793537999993,2.4324812275688465,7.36411893050269,66.79444911763329
353,8.246216321154892,-0.5794724816992797,0.8044518352320007,3813.170678646581,0.560193801117024,320.56407514722326,2.235470756587673,8.77235501479145,90.84028123095393
354,8.577786706298332,-0.44496880321738075,0.8079885617730425,5312.334746981585,0.6408442679997962,370.11067647050993,2.2433910029611774,6.678731751007847,105.64724490265614
355,8.758238855225915,-0.3213782589721875,0.8358965551080135,6362.895723966683,0.7251489050270028,360.98711620490207,2.306881367689433,7.951023667920941,70.02245222144937
356,8.462435227369118,-0.5403593720487023,0.7287540188193627,4733.571295568035,0.5825388665666131,347.6633414811018,2.07249670636914,7.405937234887423,83.20878583428289
357,8.135060580898969,-0.4986708845891349,0.8811266157339614,3412.022765920557,0.6073373449297426,287.7303654695736,2.4136173945671224,6.129749926858578,77.71506927050682
358,8.614139652241906,-0.5007987985908048,0.7818748989421974,5509.006912527804,0.6060463573321565,248.9694513593226,2.1855661421444648,6.175584578763237,63.9986000599789
359,8.34310764654398,-0.35398860540777033,0.7001228670178627,4201.125088210954,0.701882964980008,281.5823204429486,2.0140001464610906,9.643263914542423,41.490488953373436
360,8.70002027591077,-0.4648330509337925,0.7905181911834194,6003.033933007445,0.6282399805130794,369.05606746835736,2.2045385027390263,6.589720108607545,82.92589655853236
361,8.579735802116186,-0.4369145616597379,0.8263052036930365,5322.699093691228,0.6460266244953501,359.007341120478,2.28486102903379,4.123129926556347,67.7985259172557
362,8.319163762066244,-0.530260219747654,0.7745450401790078,4101.728552707757,0.5884518229684409,363.454016467607,2.1696048195874855,10.79508491363221,92.48616547813775
363,8.283177149008575,-0.28066237255559334,0.7557179467333381,3956.7456032427795,0.7552832968061193,386.45073937602075,2.1291395835655855,9.977548888284675,82.6350665405224
364,8.62735338534436,-0.45578690519169146,0.8850173691307927,5582.284528758185,0.6339489139282433,409.62926447635573,2.4230264769838477,7.984928965566765,84.37037513261795
365,8.340688342342593,-0.4806954202085646,0.7125474758782325,4190.973573387152,0.6183532269207679,284.6266095541108,2.0391794078513996,7.313850896146009,114.8668002085237
366,8.370265716230541,-0.5220307755051837,0.7060109477446617,4316.78294961087,0.5933144352905968,239.30272260473868,2.0258937227137883,10.058683071543356,61.56614528646733
367,8.534519856513942,-0.4773189513652042,0.6850936481755971,5087.388212385401,0.6204446060770333,345.7291261514245,1.983957620849451,12.121491990241044,111.5639639544897
368,8.70065829636679,-0.4967606177167729,0.8335138592969319,6006.865213542593,0.6084986301693324,348.73044753255465,2.3013913142789706,6.031484766327418,77.42576411216764
369,8.50037559408913,-0.49593778461386256,0.7764883448317291,4916.6151451338765,0.608999529035134,279.26875245968307,2.1738251220665377,9.031043059737062,70.25227228804142
370,8.08765710733701,-0.5433088669168298,0.7285120907552733,3254.054731302098,0.5808232025840336,316.0986458554766,2.0719953718990207,7.7185449218222075,101.30445910996455
371,8.500814789233834,-0.4405253046462325,0.8612338785295094,4918.774972892213,0.643698194602552,322.4220203570866,2.366078346591999,10.265277491635944,58.10372349161426
372,8.552652910050636,-0.5005549008947284,0.7724233476229307,5180.479559646241,0.6061941886695538,320.7477889167615,2.165006465064407,9.568211338413319,54.52462928151143
373,8.383597402608698,-0.538489951736065,0.7559672772605206,4374.718275770383,0.5836288950999678,278.00267953171107,2.1296705092456403,10.43178075552436,60.85986407375202
374,8.682325442298664,-0.5244278604227549,0.7712582054070867,5897.74552403245,0.5918939134423283,352.97091437586704,2.1624853936229758,8.864531479501997,95.99048490743596
375,8.413479302051952,-0.4486254997245391,0.7756866887763797,4507.415922271622,0.6385051742876907,284.8620688378055,2.1720831603145454,8.73937470490933,81.03841079805191
376,8.416700364237663,-0.4474436123054066,0.831737462944662,4521.957997144733,0.6392602616464613,324.75045735476044,2.2973067601107986,7.589467344767036,82.70125270201959
377,8.593427669858624,-0.43039646227297074,0.7681363428473156,5396.0779864207025,0.6502512435265476,373.8671327786192,2.1557449382985157,7.069588639772466,74.20196239423636
378,8.427427754573092,-0.4320678120787292,0.8090040310016388,4570.727924996743,0.6491653539404377,364.74543555538867,2.2456702545514617,7.589819695454633,59.16899056170231
379,8.398998546872901,-0.5268486060065469,0.7498204313780532,4442.61544805495,0.5904628217186253,305.5206528047405,2.1166199039662037,7.52517387818795,72.5920109171988
380,8.088000374367512,-0.5518320926684466,0.7697880688122326,3255.171932745043,0.5758937525561194,359.7871083362854,2.1593085804567895,7.5249598019689605,92.08082060939329
381,8.600988539075335,-0.4689167037736999,0.7356710838509904,5437.031653922368,0.625679697743501,289.3456134710499,2.086881995498888,7.931481208759394,79.95729799999197
382,8.466567151915903,-0.46968603086002547,0.8721376800610452,4753.170518368583,0.6251985305158857,368.3038767873696,2.39201876285619,7.827916725117266,52.635394860547564
383,8.235426483724114,-0.53166212674632,0.7234987197467828,3772.2483565455314,0.5876274462242226,351.06103837632907,2.0616336855632,8.139852693544297,81.89850177772804
384,8.419004621796262,-0.6156979502134198,0.7117058096629727,4532.389767166069,0.5402636865328376,393.7736076915924,2.0374638215137644,7.4231295820399135,62.7857296038339
385,8.447043671773441,-0.5256751671128822,0.8344869409550032,4661.272095684434,0.5911561004394492,350.3022892717571,2.3036318458882525,7.951314182706765,60.49672532786322
386,8.712996069472874,-0.5046464418602572,0.6760362626625732,6081.4356241017995,0.6037189874601705,355.6722022568984,1.966069284904144,9.175161591623093,84.05478814390804
387,8.708847929916146,-0.5320073692884671,0.8161931608865726,6056.261229975917,0.5874246072471895,411.03563644965874,2.261872841156026,10.836783386189548,107.30888554286751
388,8.737968322659256,-0.4461071019847377,0.8246379406015156,6235.214890141843,0.6401152107806526,367.97885659202626,2.281054738496408,6.708004189120423,63.82113853347145
389,8.7948526806709,-0.517465670103893,0.8405206579367904,6600.183170073843,0.5960291700342963,414.299150394566,2.3175733256523774,8.348863659625284,71.3873522720148
390,8.699601337329954,-0.48585776030740047,0.6856802583652644,6000.519557212246,0.6151693025832271,334.3097731840198,1.9851217720237966,6.12916058803943,73.54282468301092
391,8.33763395702649,-0.4998483448833035,0.7871568913437614,4178.192254717151,0.6066226501658473,325.4485527544713,2.197140827690345,8.915827619194644,110.84631786113118
392,8.82806486432467,-0.3857466867281511,0.8048290500699371,6823.070464959451,0.6799427423877555,283.5022609976278,2.2363141683905527,9.20788145254977,84.89500739356231
393,8.489648964791815,-0.5446316349535619,0.7466693995751499,4864.158282708567,0.5800554161303038,377.2479620373637,2.109960864266883,12.199089957050601,74.17546967796194
394,7.9140572302085905,-0.5289204637316849,0.8004100537324967,2735.466399252098,0.589240733193977,305.26221499612063,2.226453706988345,9.221920450746204,84.85654039966187
395,8.457843811423484,-0.4283759771057017,0.7998021316361199,4711.887319013118,0.651566394693394,372.14214265867116,2.2251006079143916,7.654128809388799,87.18732852398684
396,8.698045018005843,-0.46469927727314714,0.7961379946183195,5991.188095920916,0.6283240280965876,316.9206728350809,2.2169624531707974,8.981973266234373,97.7332699494284
397,8.439644238638419,-0.5257740930802025,0.7255200125500293,4626.908616409704,0.5910976226429099,367.62036051506357,2.06580506526442,6.712218354233159,91.08973115914398
398,8.545711922713286,-0.6338307345665851,0.7484425432894857,5144.6464191703835,0.5305554859662703,369.97178697758034,2.113705446971402,8.755144652891788,87.40747489501572
399,8.701912173951925,-0.5065258382092743,0.76677663244583,6014.401811188786,0.6025854257388431,392.75329660449717,2.152815741364026,6.532055319015865,104.74647528511915
400,8.296230380564264,-0.5752298999524535,0.7300138849838058,4008.7324800245055,0.5625755178538303,346.50003355624585,2.0751094203347873,8.703367129604658,52.26474121244704
401,8.698068412102534,-0.3726390880593152,0.6692706848345596,5991.3282559939835,0.6889138252069013,339.2915033371778,1.9528125853248162,6.5680859587468765,66.32482074425434
402,8.714778772421386,-0.5726152489978422,0.8457049539785784,6092.286686556839,0.5640483811412379,321.7085269320102,2.329619510384668,7.0465465864399635,80.41395000007867
403,8.797555324808213,-0.4248858427006217,0.8344647751478464,6618.045242964456,0.6538444219830226,293.86821624213087,2.303580784594906,10.68191513642558,90.70842935654714
404,8.757457939599254,-0.4700331770894847,0.8872122410583101,6357.928778899946,0.6249815328704901,346.5825043086084,2.4283505504701512,5.9163333607056545,94.96997520741395
405,8.556132931022708,-0.5166358027087128,0.8289385984342367,5198.539142797308,0.5965240005025216,323.5889580755632,2.2908858995013675,8.034069050080218,74.9275672642442
406,8.659951699338084,-0.43995630245240186,0.8619213622947193,5767.256093488611,0.6440645645102014,298.2029860092002,2.3677055463151024,7.639529533894677,90.38409242405037
407,8.87005378671523,-0.6013942200212443,0.8359424767848097,7115.663691053745,0.548047005078888,378.00020632189313,2.30698730598242,7.689514002157125,64.70088289306192
408,8.53652805410272,-0.43573478833267987,0.7228917754797757,5097.614958353067,0.6467892392433136,414.0059297321949,2.060382768473958,7.499086546302462,59.43293054287543
409,8.555468465059034,-0.43003596521732246,0.7733196301749659,5195.086037838502,0.6504856994430652,370.62400409826114,2.1669477924430565,8.313144162960691,81.90843971275656
410,8.600855575784774,-0.3915617573759561,0.7089293189288345,5436.308776361932,0.6760003012008017,430.55667634046483,2.0318146681322626,7.1780329347798,99.82668551198397
411,8.612137559910883,-0.4200069520028048,0.7167376283682466,5497.988405751158,0.6570422520396002,357.4093711947183,2.0477418068758206,8.818435985991949,79.04632117555454
412,8.067321393716941,-0.33754432262048917,0.7490323019746111,3188.5495112900135,0.7135203489140024,435.8161943812962,2.1149523907783783,6.9821061072392325,95.67486920077128
413,8.784707453400545,-0.5757197140789758,0.7871340727827423,6533.561330065127,0.5623000278928951,368.073426743483,2.197090692670307,12.251968200173355,76.85035184796095
414,8.532026552210846,-0.5211813069494757,0.8114304825249776,5074.719605373065,0.593818651374558,359.7993856641373,2.2511258807910925,7.223346438250495,68.30675722289668
415,8.54828492205646,-0.4981952955698604,0.7933216423134011,5157.900635260151,0.6076262565981494,401.32595382339656,2.2107274899037037,7.23232520165172,73.92424829710005
416,8.681977762482338,-0.5940902006217912,0.8022869547190803,5895.695353374051,0.5520646054903381,289.6209522937209,2.2306364642302676,9.64605229765092,100.72876775404158
417,8.513123478424227,-0.4257872781041542,0.8719501526884197,4979.692785335908,0.653255289045182,276.7483356096312,2.391570235919174,8.658723030486467,68.38907737048717
418,8.583084477317005,-0.4621010832184482,0.7891457017120379,5340.552960864935,0.6299586584747148,295.79664254362626,2.2015148722798883,7.856196815095972,69.19904098285946
419,8.62212511359416,-0.5264739621684345,0.6896341467955951,5553.1749908509,0.590684076419684,334.1855657249854,1.992986259438287,10.130687064007864,133.05980647152802
420,8.491586682923367,-0.37264042669112846,0.8639646954986707,4873.592788161833,0.6889129030055555,290.8583295387828,2.3725485038780345,8.92281060189678,42.54443445907095
421,8.72807232489976,-0.5002627421984492,0.8364213023183962,6173.815522633802,0.6063713194472962,387.01052830552476,2.3080922149183793,7.956296059821966,101.6466336085321
422,8.356313716158827,-0.5120486748980483,0.7489600839251308,4256.973395240816,0.5992666178940923,408.55777105325564,2.1147996585570508,8.880249846482245,105.45110255771321
423,8.618011102064067,-0.3583871516666012,0.6656852150507487,5530.376094527192,0.6988024800844783,310.91589426244656,1.945823372100641,7.472801872373863,87.24719464681672
424,8.451168940543036,-0.3418365980427953,0.7783915155235448,4680.540812879993,0.7104642864798595,354.2318216820363,2.1779662216877607,7.346665374705708,82.89023058258213
425,8.34638869926961,-0.4439592309914732,0.8272065179297047,4214.931839084976,0.6414915732696321,296.48133601221787,2.286921335160211,12.83870250565647,71.42316872069411
426,8.629460705636408,-0.49746386695367106,0.7842211916903763,5594.0605938341405,0.6080708544061317,313.21876426742926,2.1907001407109865,6.392063872361782,81.31459880566666
427,8.607860090029106,-0.3518551120756148,0.76606469124656,5474.521151952062,0.7033820261556397,382.9871566280931,2.1512836086022444,7.758752635196151,64.89823421970218
428,8.818420188662975,-0.542308555082437,0.8286640429807988,6757.580485766666,0.5814044975969372,323.37146759362514,2.2902570106208415,5.939931929583712,88.7655093875707
429,8.60357494277844,-0.4547956948649741,0.7785066313829687,5451.1122138828805,0.6345776021680042,344.03081944352465,2.1782169545725556,9.933488585638425,51.61810462770757
430,8.695503110614467,-0.43489873406881285,0.7924963438745052,5975.978389638715,0.647330216256164,269.3108407886867,2.2089037326329923,10.105985025615754,79.84615411694213
431,8.822526930291035,-0.4474822077067217,0.8563078883344815,6785.38918534106,0.6392355896162348,313.6547340253883,2.3544517276717705,7.920779606050832,85.32956378390365
432,8.33416457347718,-0.44405244134229954,0.7082499190136492,4163.721619848853,0.6414317824016428,336.2790519081487,2.0304347222397023,7.955505973234956,80.57956290746982
433,8.518293582233083,-0.4684975607443934,0.780717752163409,5005.504982344757,0.6259420019950479,363.7178818708146,2.1830385839831767,8.62365032736083,106.91583679951398
434,8.704913572173915,-0.4651060018610161,0.767565697688398,6032.480543256674,0.6280685252283834,363.33375764801156,2.1545151238128284,8.063504086437916,80.67742865949171
435,8.60887080628411,-0.4597365850609766,0.8016712857952716,5480.057136652286,0.6314499569534118,362.5657822635824,2.229263553351575,6.9430544064895825,72.20827561015363
436,8.743335440134132,-0.4240207235725555,0.8197792569688681,6268.769987464101,0.6544103200485853,352.1372061613184,2.2699986958298886,9.452161289016635,77.35489164816217
437,8.689389346738851,-0.46316136121000495,0.7653682014969247,5939.554126965111,0.6292910811448589,325.3702416285791,2.1497857832908323,9.293441769909732,86.95030084867442
438,8.622627164047886,-0.5875754051302258,0.7548498920657548,5555.963664843621,0.5556729344937835,331.2806661958294,2.12729217595354,6.860699480327291,73.77278089333636
439,8.523039422743967,-0.322479033215122,0.8864867095850884,5029.316769446604,0.7243511189617897,280.29272591350957,2.426589344700136,7.355094386724044,56.76569700406079
440,8.65788613405787,-0.39438134239959516,0.8081488114897794,5755.355744245039,0.674096945473195,294.1409158506445,2.2437505345405797,8.38169522038878,65.18757068966363
441,8.914852301688056,-0.4629692735497999,0.8120029321567419,7441.682923834747,0.6294119718066544,332.6142468481928,2.2524149058883767,8.03652585168069,66.43601037991364
442,8.290892869060498,-0.49300617489182363,0.7896192263645576,3987.3928252853275,0.6107874975075155,322.2011013750658,2.2025575907017574,9.973499116786096,62.58338791049909
443,8.823320498484703,-0.5554979424574418,0.8293084994794792,6790.7759914965245,0.5737864774017941,366.68518074361293,2.2917334573367247,8.610408807795693,47.868249326744866
444,8.489068169916196,-0.4858562273820664,0.7859276100291271,4861.334024740439,0.6151702455925586,258.98492463437316,2.194441582930728,10.197310760290618,66.66331321240482
445,8.729610824128207,-0.4034470658452899,0.718827940326156,6183.3212434490315,0.668013386587065,361.21317755967556,2.052026702885925,9.538726721154742,72.53354122820376
446,8.748009589365175,-0.4125882450420389,0.7248795768333198,6298.13973971133,0.6619347816508193,441.89339490444473,2.0644824734795804,6.869584693165798,94.3044448977485
447,8.534510637863736,-0.45631537999523475,0.8899162192807241,5087.341313749181,0.633613976411313,356.07882030631475,2.4349256429222623,7.131741465399484,96.22843637410554
448,8.24115432963052,-0.6765309040463988,0.8426172273796955,3793.917212543567,0.5083775473252392,363.1124886238854,2.322437376196799,9.974694037004133,44.26374480565301
449,8.8008775929961,-0.5563717444738189,0.7841543626324633,6640.0687278458045,0.5732853206086661,378.83559182001324,2.190553743176272,7.6522255165158795,88.05096163042816
450,8.587340721640379,-0.5888821327860485,0.7481712840418858,5363.332101494121,0.5549472955122057,287.1389535662334,2.1131321625800705,9.047721922400678,92.12065525014114
451,8.3806036037744,-0.513044169110541,0.8458640849782347,4361.6408346775215,0.5986703482849535,304.3090169360187,2.329990254563838,8.070506758347085,57.69406734339751
452,8.661778707173154,-0.46993096110684285,0.8054132295998978,5777.802546851098,0.6250454192370537,307.5282185908347,2.23762095901329,7.846917575749423,85.63652816486696
453,8.602384932197536,-0.41890789874156903,0.7209741992738383,5444.629190868718,0.6577647734414966,350.1525561288021,2.0564356131970354,7.435133684412985,139.48126264079045
454,8.348804029277884,-0.4354263959716192,0.8105687576831557,4225.124594918039,0.646988734863794,336.9841582665341,2.249186865266458,9.165863638288721,92.0573614169734
455,8.44535070970094,-0.49758970144416553,0.742729967523954,4653.387414932766,0.607994342933975,403.6938196461747,2.101665167706373,6.000765620636118,77.1813327921159
456,8.583559461180132,-0.36674590426625064,0.7727910987920746,5343.0902398771095,0.6929857073868957,300.0448650663028,2.1658027951398218,8.344577539030782,93.31586176243414
457,8.640992940209633,-0.4444596340779579,0.7239019906998101,5658.946030754125,0.6411706492088061,310.74255371245556,2.0624652502060337,7.015791234188845,72.04868614973385
458,8.760542167857885,-0.515554652942316,0.8349612968565435,6377.568353403135,0.5971692810459146,295.6649686264213,2.3047248464644676,6.7947822603820285,98.88092662395029
459,8.95618865448532,-0.51386246820565,0.7463210755624632,7755.741249596488,0.5981806572648679,327.88576845966134,2.1092260422175415,9.647105161335517,69.82089006266737
460,8.817212393881606,-0.40438648190914794,0.8422580574901664,6749.423642209398,0.6673861387503088,419.94144539358217,2.3216033764037247,8.147987813174622,66.95095278883844
461,8.711985624016165,-0.5513415147888233,0.7644624731768285,6075.293768632705,0.5761763426026821,304.7432436055371,2.1478395429403156,7.453958895447111,65.35084555981548
462,8.475358626169136,-0.5365250568106568,0.7507716212275252,4795.142120399542,0.5847767919332848,309.27139809418384,2.1186341691564787,7.062933799030312,85.28597487589572
463,8.396115884013097,-0.47307001427215944,0.7843408845251776,4429.827326279797,0.6230864447065193,347.45185347319546,2.1909623675140497,8.098698770607454,75.88278871836695
464,8.374558558197059,-0.44477281556297144,0.7837791271656699,4335.35404949601,0.6409698778733133,392.8204037054146,2.189731923917425,8.151334388771454,75.69832048112926
465,8.726139744834796,-0.3944937485961107,0.7604408267327464,6161.895651592502,0.674021177057971,460.9639784809578,2.1392190376110354,8.453105835855341,60.49235592552109
466,8.445372947410215,-0.4310197385486914,0.7368455193884177,4653.490896759841,0.6498460836295916,392.8474046644719,2.0893343436573564,6.00585208952335,50.14576154563882
467,8.431937199421988,-0.3730116074574298,0.8380536770039939,4591.385913516954,0.6886572392379751,325.23172273189624,2.3118629630216025,8.163696672615625,49.21562512129993
468,8.67651955903556,-0.38528879433275137,0.7697781807189905,5863.603111342404,0.680254154289932,351.35338496674643,2.1592872291177696,8.076829130764546,72.13561573139609
469,8.527121878112773,-0.4655491195399631,0.8158360350470474,5049.890698191883,0.6277902786138144,342.38351355070523,2.2610652121399077,11.39003020672413,81.14423692063966
470,8.468161604008396,-0.3993148115497514,0.7723424143769317,4760.755266199215,0.670779498977102,382.76195823514274,2.1648312511539913,9.261203366159831,74.75381248706829
471,8.650131384467548,-0.688658980293271,0.779708525030417,5710.897007627827,0.5022491436613773,333.45205981847204,2.1808365135933534,5.897775487228709,48.8605177127686
472,8.18561563959084,-0.38121235305121903,0.7628316487927509,3588.952440477879,0.6830328301129731,332.2447302950856,2.144339648472912,8.035689997418258,69.77121266978779
473,8.676315663636517,-0.3450954684862173,0.8272300240896162,5862.407671522669,0.7081527439700857,301.82674091648755,2.2869750925306325,8.43841124968591,121.18665739832845
474,8.511504261956492,-0.43376989019461953,0.8650354962021517,4971.636109285195,0.648061363603326,312.90660081775906,2.3750903911694996,15.726391550214311,89.02822721981924
475,8.506633769728449,-0.3675991690051147,0.8644077160693536,4947.4806664532,0.6923946593143452,340.24827928648006,2.3735998245313383,5.893363895079832,67.22621382080504
476,8.411097858319893,-0.5733692011397774,0.776274318864168,4496.694536131649,0.5636232759307508,281.0818846849261,2.1733599168262554,8.710088402940652,63.32320585682088
477,8.696587079511914,-0.48084159845905167,0.7866143563406311,5982.459676466948,0.6182628437340625,406.3970591971888,2.1959491251839083,7.121021584073183,108.71260936862555
478,8.178057105699168,-0.4385396609619099,0.8043165015291049,3561.927485006273,0.6449776196780604,350.5765310247333,2.2351682425231045,8.719177946584951,79.15884092477354
479,8.49933617341372,-0.39166362436827706,0.7874233503847315,4911.507368723064,0.6759314425905796,342.6041570929357,2.197726353734057,8.904678984874833,55.256639810888096
480,8.42522499578547,-0.37718713047659846,0.8281387296716086,4560.670794676779,0.6857877301030976,302.3271165211115,2.289054224079245,9.113182288326247,38.72164015640734
481,8.557899446064809,-0.4757202896291954,0.7570889853213082,5207.730556384984,0.6214372803918871,317.3845506580851,2.1320607181303504,10.312990933412848,106.37958027684448
482,9.038278846921912,-0.4268653079038226,0.7520196110306135,8419.273719477289,0.6525514398301792,320.1661692605843,2.1212798535462483,7.432494549131837,63.58800582978421
483,8.271293475599464,-0.5488514449374102,0.7024015577450466,3910.0032164457275,0.5776128497017551,262.45411323966727,2.0185946626720623,9.434111337880243,60.30229990094339
484,8.59700350274025,-0.4842265080949126,0.6604496473264102,5415.407999367255,0.6161736177921183,274.5125238464867,1.9356625042224598,10.223370648418621,113.22855421462951
485,8.608638519574697,-0.521418563468916,0.8230445022261204,5478.784340045213,0.5936777807400533,330.6451330558465,2.2774229126534937,8.539986549359158,93.55372956608923
486,8.568649717400781,-0.5541223570068604,0.752888887764173,5264.017078526291,0.5745763128503779,276.45525415683744,2.1231246344647037,5.938411081128896,72.0926411167516
487,8.492570819637917,-0.514236541625132,0.754717167542161,4878.391430629244,0.5979569356277046,309.9746381988617,2.1270098508490887,9.11573126961066,72.39426530156221
488,8.522335363293182,-0.5455389964669449,0.8207264929779371,5025.7770776670295,0.5795293348791116,315.83239365182965,2.272149939041784,8.92503035418463,73.58544869293176
489,8.5049173901374,-0.44088446998720116,0.7904607415176516,4938.996194979941,0.643467042034487,325.5654558006918,2.2044118563768023,6.363120808489635,58.716503237139776
490,8.464057126625393,-0.3565901830918431,0.7843771452478774,4741.254900664189,0.7000593351074339,342.39565533956255,2.1910418148333037,7.769107876031205,71.89540281865793
491,8.586618808105095,-0.43509595731904227,0.7467622742104403,5359.46163669439,0.6472025602757198,297.3143826984177,2.110156835212853,8.713838121888402,74.72034742843418
492,8.300171984898675,-0.5338336346057002,0.7635621465913264,4024.5644986223247,0.5863527930669136,276.9808489807808,2.1459066561436635,8.960866770953768,83.95068343344461
493,8.723477056926459,-0.5423624495041488,0.8494111005269869,6145.510270807116,0.5813731639821198,358.61324032392827,2.3382694407460214,8.695769140645227,83.48627159750338
494,8.687242063021312,-0.37442834795039337,0.7614926148625957,5926.813902432432,0.687682281435547,355.27949266463133,2.1414702264812755,5.717521061948553,52.238406321461994
495,8.717247100274351,-0.5377420582429298,0.7113722699128596,6107.34302181495,0.5840655506185759,333.05591504269864,2.03678435965994,5.7110201361487505,64.3842378579284
496,8.74624188355171,-0.44696185624827806,0.7337631811967543,6287.016315846464,0.6395683033441102,387.11999112307626,2.082904223607994,9.67370581925637,35.81282915315145
497,8.62266214579511,-0.4943938637859593,0.8267215812475743,5556.158025559646,0.6099405022993893,357.8720842451632,2.2858125919724945,8.363378258179907,74.10944562023685
498,8.40142289132152,-0.4235729464315821,0.8467756978056532,4453.398944326834,0.6547034156465774,361.01151291656765,2.332115272017079,8.234584216841231,69.76805473805922
499,8.519237985709168,-0.35805788364828206,0.8234244654202956,5010.234431552265,0.6990326112776339,312.1847084728475,2.2782884139567803,9.787522460353786,51.49515143302468
