2004.2079999999999,2004.2920000000001,2004.375,2004.4579999999999,2004.5420000000001,2004.625,2004.7079999999999,2004.7920000000001,2004.875,2004.9579999999999,2005.0420000000001,2005.125,2005.2079999999999,2005.2920000000001,2005.375,2005.4579999999999,2005.5420000000001,2005.625,2005.7079999999999,2005.7920000000001,2005.875,2005.9579999999999,2006.0420000000001,2006.125,2006.2079999999999,2006.2920000000001,2006.375,2006.4579999999999,2006.5420000000001,2006.625,2006.7079999999999,2006.7920000000001,2006.875,2006.9579999999999,2007.0420000000001,2007.125,2007.2079999999999,2007.2920000000001,2007.375,2007.4579999999999,2007.5420000000001,2007.625,2007.7079999999999,2007.7920000000001,2007.875,2007.9579999999999,2008.0420000000001,2008.125,2008.2079999999999,2008.2920000000001,2008.375,2008.4579999999999,2008.5420000000001,2008.625,2008.7079999999999,2008.7920000000001,2008.875,2008.9579999999999,2009.0420000000001,2009.125,2009.2079999999999,2009.2920000000001,2009.375,2009.4579999999999,2009.5420000000001,2009.625,2009.7079999999999,2009.7920000000001,2009.875,2009.9579999999999,2010.0420000000001,2010.125,2010.2079999999999,2010.2920000000001,2010.375,2010.4579999999999,2010.5420000000001,2010.625,2010.7079999999999,2010.7920000000001,2010.875,2010.9579999999999,2011.0420000000001,2011.125,2011.2079999999999,2011.2920000000001,2011.375,2011.4579999999999,2011.5420000000001,2011.625,2011.7079999999999,2011.7920000000001,2011.875,2011.9579999999999,2012.0420000000001,2012.125,2012.2079999999999,2012.2920000000001,2012.375,2012.4579999999999,2012.5420000000001,2012.625,2012.7079999999999,2012.7920000000001,2012.875,2012.9579999999999,2013.0420000000001,2013.125,2013.2079999999999,2013.2920000000001,2013.375,2013.4579999999999,2013.5420000000001,2013.625,2013.7079999999999,2013.7920000000001,2013.875,2013.9579999999999,2014.0420000000001,2014.125,2014.2079999999999,2014.2920000000001,2014.375,2014.4579999999999,2014.5420000000001,2014.625,2014.7079999999999,2014.7920000000001,2014.875,2014.9579999999999,2015.0420000000001,2015.125,2015.2079999999999,2015.2920000000001,2015.375,2015.4579999999999,2015.5420000000001,2015.625,2015.7079999999999,2015.7920000000001,2015.875,2015.9579999999999,2016.0420000000001,2016.125,2016.2079999999999,2016.2920000000001,2016.375,2016.4579999999999,2016.5420000000001,2016.625,2016.7079999999999,2016.7920000000001,2016.875,2016.9579999999999,2017.0420000000001,2017.125,2017.2079999999999,2017.2920000000001,2017.375,2017.4579999999999,2017.5420000000001,2017.625,2017.7079999999999,2017.7920000000001,2017.875,2017.9579999999999,2018.0420000000001,2018.125,2018.2079999999999,2018.2920000000001,2018.375,2018.4579999999999,2018.5420000000001,2018.625,2018.7079999999999,2018.7920000000001,2018.875,2018.9579999999999,2019.0420000000001,2019.125
378.98,380.171,380.774,380.297,378.863,376.861,375.417,375.735,377.28,378.782,379.896,380.74,381.71,382.907,383.52,383.058,381.639,379.652,378.227,378.565,380.127,381.637,382.752,383.595,384.56,385.752,386.366,385.91,384.498,382.518,381.104,381.456,383.025,384.537,385.646,386.479,387.432,388.613,389.223,388.769,387.359,385.383,383.975,384.336,385.911,387.42,388.521,389.341,390.28,391.448,392.052,391.599,390.191,388.218,386.818,387.188,388.768,390.274,391.366,392.174,393.1,394.255,394.854,394.403,392.999,391.031,389.639,390.02,391.606,393.111,394.195,394.992,395.904,397.048,397.643,397.195,395.797,393.834,392.453,392.846,394.438,395.942,397.018,397.803,398.702,399.834,400.425,399.981,398.588,396.632,395.261,395.664,397.262,398.764,399.831,400.603,401.486,402.604,403.19,402.749,401.36,399.409,398.047,398.459,400.06,401.558,402.613,403.369,404.234,405.336,405.914,405.473,404.087,402.139,400.782,401.201,402.803,404.293,405.333,406.07,406.914,407.996,408.563,408.12,406.734,404.787,403.434,403.857,405.457,406.936,407.957,408.671,409.49,410.55,411.104,410.656,409.267,407.319,405.967,406.391,407.985,409.451,410.451,411.139,411.93,412.964,413.502,413.047,411.653,409.701,408.348,408.77,410.357,411.806,412.782,413.441,414.201,415.206,415.725,415.261,413.861,411.902,410.547,410.965,412.541,413.971,414.919,415.547,416.273,417.247,417.745,417.269,415.861,413.895,412.535,412.946,414.51,415.918,416.837,417.429
378.567,379.477,379.98,379.585,378.137,376.208,374.879,374.988,376.278,377.756,378.801,379.546,380.401,381.356,381.909,381.562,380.162,378.275,376.971,377.073,378.334,379.787,380.818,381.55,382.385,383.32,383.871,383.545,382.184,380.341,379.061,379.154,380.381,381.802,382.814,383.531,384.343,385.256,385.803,385.497,384.177,382.378,381.124,381.206,382.395,383.779,384.768,385.466,386.252,387.142,387.683,387.398,386.119,384.368,383.142,383.211,384.359,385.7,386.662,387.339,388.099,388.964,389.498,389.233,387.997,386.297,385.101,385.157,386.26,387.556,388.487,389.14,389.873,390.711,391.238,390.991,389.801,388.154,386.99,387.034,388.089,389.336,390.234,390.862,391.566,392.377,392.894,392.667,391.524,389.933,388.803,388.834,389.84,391.034,391.896,392.498,393.172,393.954,394.46,394.252,393.157,391.625,390.532,390.551,391.506,392.645,393.468,394.041,394.685,395.437,395.931,395.741,394.695,393.224,392.17,392.176,393.079,394.161,394.943,395.487,396.099,396.82,397.301,397.128,396.132,394.724,393.709,393.704,394.554,395.577,396.317,396.83,397.41,398.099,398.565,398.408,397.462,396.118,395.144,395.128,395.925,396.888,397.584,398.066,398.612,399.268,399.718,399.576,398.68,397.401,396.47,396.444,397.186,398.089,398.74,399.19,399.704,400.325,400.757,400.63,399.783,398.57,397.682,397.646,398.336,399.177,399.783,400.201,400.681,401.269,401.682,401.567,400.769,399.622,398.778,398.733,399.37,400.151,400.712,401.098
378.826,379.902,380.54,380.101,378.484,376.493,375.256,375.459,376.792,378.344,379.5,380.331,381.264,382.34,382.98,382.546,380.941,378.965,377.745,377.963,379.305,380.861,382.017,382.843,383.771,384.843,385.48,385.048,383.449,381.486,380.28,380.509,381.857,383.413,384.565,385.385,386.305,387.368,388.0,387.567,385.974,384.021,382.827,383.066,384.418,385.972,387.117,387.928,388.837,389.891,390.515,390.081,388.492,386.548,385.365,385.611,386.964,388.514,389.65,390.449,391.346,392.387,393.001,392.563,390.976,389.04,387.865,388.116,389.468,391.01,392.134,392.919,393.799,394.824,395.426,394.98,393.394,391.463,390.294,390.548,391.895,393.426,394.535,395.301,396.162,397.168,397.755,397.3,395.712,393.784,392.619,392.873,394.213,395.731,396.822,397.568,398.407,399.392,399.962,399.496,397.905,395.979,394.818,395.069,396.402,397.905,398.976,399.7,400.516,401.48,402.031,401.555,399.96,398.037,396.878,397.129,398.452,399.94,400.991,401.693,402.486,403.427,403.962,403.475,401.878,399.958,398.803,399.053,400.368,401.84,402.872,403.552,404.323,405.243,405.76,405.264,403.666,401.751,400.602,400.852,402.159,403.618,404.631,405.29,406.04,406.938,407.44,406.936,405.34,403.431,402.289,402.541,403.842,405.287,406.282,406.921,407.65,408.529,409.017,408.506,406.912,405.012,403.879,404.133,405.428,406.861,407.839,408.459,409.167,410.027,410.501,409.986,408.396,406.506,405.382,405.64,406.93,408.35,409.311,409.913
378.267,379.228,379.796,379.428,377.943,375.916,374.523,374.663,375.995,377.476,378.502,379.194,379.985,380.92,381.473,381.093,379.599,377.583,376.207,376.334,377.633,379.091,380.116,380.805,381.576,382.483,383.015,382.617,381.115,379.116,377.761,377.873,379.129,380.558,381.579,382.266,383.018,383.893,384.397,383.979,382.474,380.501,379.172,379.266,380.469,381.86,382.871,383.555,384.286,385.125,385.596,385.159,383.659,381.723,380.426,380.498,381.639,382.98,383.974,384.651,385.357,386.155,386.589,386.134,384.651,382.765,381.506,381.553,382.623,383.901,384.867,385.529,386.206,386.957,387.35,386.88,385.426,383.604,382.39,382.409,383.396,384.6,385.525,386.164,386.804,387.501,387.85,387.37,385.957,384.211,383.047,383.035,383.932,385.047,385.918,386.523,387.119,387.755,388.056,387.571,386.211,384.551,383.441,383.396,384.194,385.209,386.013,386.572,387.114,387.683,387.932,387.446,386.148,384.584,383.531,383.451,384.143,385.047,385.771,386.274,386.753,387.248,387.443,386.957,385.729,384.266,383.271,383.154,383.736,384.52,385.153,385.589,385.997,386.412,386.55,386.068,384.914,383.553,382.616,382.459,382.929,383.588,384.121,384.481,384.812,385.142,385.221,384.742,383.663,382.405,381.522,381.326,381.683,382.213,382.64,382.917,383.166,383.409,383.428,382.951,381.945,380.785,379.953,379.717,379.962,380.364,380.682,380.873,381.035,381.19,381.147,380.671,379.734,378.665,377.88,377.603,377.741,378.018,378.227,378.328
378.607,379.49,379.879,379.308,377.67,375.56,374.098,374.167,375.465,376.907,377.859,378.515,379.318,380.218,380.669,380.183,378.634,376.605,375.206,375.314,376.631,378.084,379.041,379.69,380.471,381.349,381.791,381.31,379.776,377.763,376.374,376.477,377.776,379.209,380.146,380.767,381.509,382.35,382.77,382.284,380.757,378.755,377.37,377.46,378.733,380.14,381.051,381.639,382.338,383.137,383.531,383.039,381.517,379.524,378.14,378.213,379.458,380.834,381.715,382.266,382.92,383.674,384.04,383.539,382.022,380.038,378.654,378.709,379.92,381.262,382.111,382.624,383.229,383.937,384.274,383.763,382.25,380.275,378.891,378.925,380.1,381.406,382.221,382.693,383.249,383.908,384.215,383.694,382.186,380.221,378.836,378.848,379.985,381.252,382.031,382.462,382.967,383.578,383.853,383.323,381.82,379.865,378.481,378.469,379.567,380.794,381.535,381.924,382.379,382.941,383.184,382.644,381.149,379.206,377.822,377.787,378.844,380.029,380.732,381.079,381.484,381.997,382.21,381.661,380.174,378.245,376.863,376.804,377.819,378.961,379.626,379.933,380.288,380.753,380.935,380.379,378.903,376.99,375.61,375.527,376.501,377.6,378.227,378.493,378.8,379.218,379.371,378.809,377.345,375.45,374.075,373.97,374.901,375.957,376.546,376.773,377.034,377.406,377.531,376.964,375.515,373.64,372.272,372.145,373.034,374.047,374.6,374.789,375.005,375.334,375.433,374.863,373.431,371.579,370.218,370.071,370.918,371.889,372.406,372.559
378.763,379.772,380.261,379.692,377.948,375.688,374.011,373.725,374.573,375.551,376.036,376.222,376.556,376.996,376.991,376.015,373.956,371.474,369.651,369.28,370.094,371.086,371.627,371.894,372.325,372.877,373.003,372.176,370.278,367.96,366.293,366.062,366.999,368.107,368.76,369.13,369.651,370.29,370.507,369.778,367.986,365.771,364.199,364.044,365.041,366.203,366.91,367.325,367.883,368.557,368.816,368.141,366.413,364.264,362.748,362.634,363.657,364.841,365.57,366.004,366.572,367.256,367.534,366.893,365.21,363.108,361.633,361.542,362.574,363.764,364.501,364.94,365.506,366.187,366.474,365.856,364.209,362.148,360.705,360.629,361.66,362.848,363.586,364.022,364.578,365.251,365.541,364.941,363.326,361.301,359.886,359.82,360.846,362.026,362.759,363.189,363.733,364.393,364.681,364.097,362.512,360.522,359.133,359.073,360.091,361.26,361.986,362.407,362.935,363.58,363.865,363.295,361.739,359.784,358.419,358.364,359.37,360.526,361.242,361.652,362.164,362.792,363.073,362.515,360.988,359.067,357.726,357.675,358.667,359.807,360.513,360.911,361.404,362.015,362.289,361.744,360.246,358.359,357.042,356.993,357.97,359.093,359.786,360.17,360.645,361.237,361.504,360.972,359.503,357.65,356.357,356.308,357.269,358.373,359.052,359.423,359.878,360.45,360.71,360.189,358.749,356.931,355.663,355.614,356.557,357.64,358.305,358.661,359.096,359.648,359.9,359.39,357.98,356.198,354.952,354.904,355.827,356.889,357.538,357.879
378.91,380.018,380.57,380.107,378.579,376.557,375.166,375.354,376.792,378.319,379.318,380.057,381.013,382.078,382.609,382.136,380.604,378.582,377.193,377.384,378.818,380.337,381.322,382.044,382.98,384.029,384.55,384.076,382.546,380.53,379.15,379.346,380.78,382.291,383.262,383.967,384.882,385.913,386.423,385.946,384.418,382.406,381.031,381.229,382.659,384.158,385.111,385.792,386.682,387.689,388.185,387.7,386.169,384.157,382.783,382.978,384.398,385.879,386.809,387.461,388.32,389.298,389.773,389.276,387.738,385.722,384.344,384.532,385.936,387.394,388.294,388.912,389.733,390.676,391.126,390.613,389.064,387.038,385.652,385.827,387.211,388.641,389.505,390.083,390.861,391.764,392.183,391.649,390.084,388.046,386.647,386.804,388.162,389.557,390.381,390.913,391.642,392.499,392.883,392.323,390.737,388.682,387.266,387.401,388.727,390.083,390.86,391.34,392.015,392.821,393.164,392.574,390.964,388.888,387.451,387.558,388.847,390.158,390.882,391.305,391.921,392.67,392.968,392.343,390.705,388.604,387.141,387.216,388.464,389.724,390.391,390.752,391.303,391.991,392.239,391.576,389.905,387.776,386.284,386.322,387.524,388.729,389.334,389.628,390.109,390.731,390.925,390.22,388.514,386.354,384.829,384.827,385.978,387.124,387.662,387.884,388.291,388.843,388.98,388.23,386.487,384.292,382.732,382.686,383.783,384.866,385.334,385.481,385.81,386.289,386.366,385.568,383.785,381.554,379.956,379.864,380.904,381.921,382.315,382.384
378.661,379.652,380.091,379.503,377.88,375.735,374.189,374.273,375.596,376.97,377.847,378.447,379.215,380.113,380.472,379.813,378.126,375.92,374.319,374.347,375.613,376.925,377.736,378.269,378.969,379.804,380.111,379.414,377.696,375.466,373.848,373.862,375.113,376.408,377.201,377.713,378.393,379.214,379.521,378.835,377.135,374.93,373.341,373.385,374.661,375.978,376.788,377.314,378.005,378.84,379.171,378.519,376.858,374.694,373.149,373.234,374.545,375.889,376.72,377.26,377.96,378.807,379.157,378.533,376.905,374.774,373.263,373.378,374.711,376.069,376.907,377.446,378.14,378.982,379.336,378.726,377.116,375.005,373.512,373.643,374.984,376.341,377.171,377.695,378.371,379.195,379.542,378.935,377.332,375.231,373.749,373.887,375.226,376.575,377.389,377.891,378.54,379.34,379.675,379.066,377.467,375.373,373.898,374.039,375.373,376.71,377.505,377.982,378.602,379.376,379.696,379.084,377.488,375.4,373.932,374.074,375.403,376.726,377.501,377.951,378.541,379.288,379.593,378.978,377.386,375.304,373.843,373.987,375.309,376.618,377.372,377.795,378.353,379.072,379.361,378.744,377.156,375.081,373.628,373.773,375.087,376.382,377.114,377.509,378.035,378.725,378.999,378.378,376.795,374.729,373.283,373.429,374.736,376.015,376.724,377.09,377.583,378.245,378.502,377.879,376.301,374.243,372.805,372.953,374.251,375.514,376.2,376.536,376.995,377.627,377.868,377.243,375.67,373.621,372.191,372.34,373.63,374.876,375.538,375.843
378.453,379.294,379.668,379.061,377.319,375.03,373.318,373.072,374.027,375.11,375.664,375.884,376.223,376.649,376.637,375.672,373.587,370.973,368.944,368.385,369.049,369.872,370.197,370.218,370.381,370.664,370.56,369.546,367.443,364.831,362.813,362.268,362.956,363.826,364.222,364.323,364.572,364.958,364.981,364.117,362.176,359.72,357.844,357.422,358.221,359.206,359.723,359.94,360.296,360.792,360.938,360.21,358.405,356.072,354.296,353.947,354.802,355.844,356.424,356.697,357.1,357.646,357.856,357.203,355.477,353.209,351.475,351.142,351.997,353.042,353.633,353.916,354.322,354.876,355.11,354.496,352.813,350.578,348.853,348.502,349.325,350.344,350.921,351.191,351.579,352.121,352.36,351.77,350.114,347.896,346.166,345.781,346.557,347.537,348.087,348.333,348.696,349.218,349.457,348.882,347.248,345.042,343.3,342.874,343.595,344.527,345.045,345.265,345.599,346.1,346.335,345.775,344.161,341.965,340.208,339.736,340.397,341.279,341.762,341.953,342.26,342.738,342.97,342.424,340.83,338.644,336.871,336.35,336.949,337.777,338.224,338.388,338.666,339.124,339.353,338.821,337.248,335.072,333.282,332.712,333.245,334.018,334.428,334.565,334.817,335.255,335.482,334.965,333.413,331.248,329.442,328.821,329.288,330.003,330.376,330.486,330.714,331.134,331.36,330.858,329.329,327.176,325.353,324.681,325.079,325.737,326.072,326.157,326.362,326.766,326.991,326.506,325.0,322.86,321.021,320.297,320.626,321.225,321.523,321.584
378.407,379.388,379.951,379.572,378.108,376.141,374.8,374.99,376.416,377.962,378.964,379.656,380.527,381.534,382.113,381.762,380.334,378.401,377.088,377.295,378.728,380.274,381.272,381.951,382.806,383.805,384.398,384.077,382.688,380.792,379.51,379.734,381.172,382.718,383.711,384.377,385.216,386.208,386.816,386.529,385.182,383.327,382.076,382.318,383.761,385.306,386.292,386.946,387.768,388.755,389.379,389.129,387.828,386.016,384.799,385.059,386.507,388.049,389.028,389.668,390.474,391.457,392.099,391.889,390.637,388.873,387.691,387.97,389.42,390.959,391.93,392.556,393.346,394.325,394.989,394.821,393.622,391.907,390.763,391.061,392.513,394.047,395.01,395.622,396.396,397.372,398.059,397.936,396.794,395.132,394.027,394.343,395.797,397.324,398.277,398.875,399.633,400.609,401.32,401.245,400.162,398.557,397.492,397.826,399.28,400.8,401.743,402.326,403.07,404.044,404.782,404.759,403.739,402.192,401.169,401.522,402.975,404.485,405.417,405.985,406.714,407.69,408.456,408.486,407.532,406.046,405.068,405.438,406.888,408.389,409.308,409.86,410.576,411.553,412.35,412.436,411.551,410.129,409.195,409.583,411.03,412.518,413.424,413.961,414.662,415.643,416.471,416.616,415.803,414.447,413.559,413.965,415.406,416.881,417.773,418.293,418.982,419.966,420.829,421.034,420.295,419.007,418.166,418.589,420.023,421.483,422.359,422.864,423.54,424.53,425.427,425.695,425.032,423.815,423.022,423.461,424.886,426.329,427.189,427.678
378.574,379.541,380.088,379.631,378.044,376.03,374.7,374.811,376.082,377.543,378.554,379.235,380.039,380.991,381.539,381.1,379.541,377.556,376.244,376.355,377.611,379.051,380.038,380.69,381.459,382.378,382.906,382.462,380.907,378.927,377.608,377.695,378.915,380.314,381.26,381.869,382.592,383.468,383.968,383.512,381.956,379.974,378.642,378.698,379.873,381.224,382.121,382.68,383.35,384.179,384.646,384.174,382.613,380.625,379.275,379.293,380.415,381.709,382.551,383.055,383.668,384.443,384.873,384.381,382.811,380.815,379.442,379.415,380.477,381.709,382.49,382.933,383.484,384.202,384.591,384.076,382.495,380.487,379.088,379.011,380.007,381.17,381.885,382.263,382.748,383.407,383.751,383.212,381.618,379.596,378.167,378.037,378.962,380.05,380.695,381.006,381.423,382.019,382.318,381.752,380.146,378.109,376.648,376.46,377.31,378.321,378.893,379.134,379.482,380.015,380.268,379.676,378.056,376.005,374.512,374.264,375.036,375.966,376.463,376.635,376.914,377.383,377.59,376.972,375.34,373.276,371.75,371.442,372.135,372.983,373.405,373.507,373.718,374.125,374.288,373.646,372.004,369.929,368.372,368.003,368.616,369.382,369.728,369.762,369.908,370.255,370.376,369.713,368.065,365.98,364.395,363.966,364.499,365.184,365.457,365.426,365.508,365.799,365.881,365.201,363.549,361.46,359.848,359.361,359.817,360.421,360.624,360.53,360.554,360.792,360.839,360.145,358.494,356.404,354.769,354.228,354.607,355.134,355.269,355.117
378.893,379.997,380.505,379.942,378.333,376.229,374.738,374.866,376.258,377.72,378.661,379.338,380.235,381.264,381.701,381.071,379.399,377.238,375.695,375.777,377.122,378.534,379.42,380.042,380.885,381.863,382.255,381.583,379.872,377.677,376.108,376.165,377.485,378.865,379.715,380.298,381.102,382.043,382.401,381.698,379.957,377.736,376.145,376.183,377.479,378.829,379.641,380.182,380.944,381.843,382.162,381.421,379.644,377.389,375.769,375.777,377.041,378.349,379.112,379.601,380.31,381.156,381.425,380.636,378.811,376.513,374.853,374.822,376.042,377.3,378.004,378.432,379.077,379.862,380.072,379.228,377.348,375.0,373.293,373.216,374.386,375.587,376.226,376.586,377.164,377.881,378.028,377.123,375.186,372.783,371.026,370.899,372.017,373.157,373.729,374.017,374.524,375.171,375.253,374.286,372.288,369.83,368.022,367.844,368.908,369.986,370.487,370.704,371.138,371.714,371.73,370.701,368.643,366.129,364.269,364.041,365.05,366.066,366.498,366.642,367.003,367.509,367.46,366.369,364.252,361.684,359.775,359.498,360.453,361.408,361.772,361.845,362.135,362.572,362.46,361.31,359.137,356.518,354.562,354.238,355.144,356.04,356.338,356.343,356.566,356.937,356.764,355.559,353.334,350.668,348.67,348.304,349.163,350.005,350.241,350.182,350.341,350.651,350.423,349.167,346.896,344.188,342.152,341.749,342.567,343.36,343.54,343.421,343.521,343.775,343.498,342.198,339.886,337.143,335.076,334.643,335.425,336.175,336.304,336.133
379.219,380.42,381.053,380.631,379.231,377.273,375.884,376.21,377.762,379.308,380.439,381.311,382.33,383.54,384.187,383.785,382.404,380.463,379.092,379.433,380.991,382.537,383.659,384.515,385.515,386.704,387.335,386.923,385.53,383.577,382.192,382.516,384.05,385.562,386.641,387.45,388.397,389.531,390.116,389.662,388.227,386.229,384.801,385.077,386.555,388.003,389.01,389.742,390.606,391.659,392.169,391.648,390.144,388.079,386.584,386.788,388.187,389.549,390.462,391.096,391.859,392.81,393.228,392.624,391.038,388.891,387.315,387.433,388.742,390.006,390.815,391.339,391.992,392.834,393.153,392.46,390.786,388.553,386.893,386.924,388.138,389.303,390.005,390.421,390.963,391.695,391.917,391.137,389.379,387.065,385.325,385.271,386.396,387.465,388.065,388.376,388.812,389.441,389.573,388.713,386.878,384.49,382.677,382.547,383.589,384.569,385.074,385.288,385.625,386.158,386.207,385.275,383.372,380.918,379.04,378.84,379.806,380.705,381.121,381.244,381.488,381.931,381.903,380.907,378.942,376.429,374.493,374.228,375.124,375.945,376.278,376.313,376.468,376.826,376.725,375.668,373.646,371.078,369.087,368.762,369.589,370.335,370.586,370.536,370.604,370.877,370.706,369.591,367.515,364.894,362.85,362.465,363.224,363.896,364.065,363.93,363.912,364.101,363.86,362.687,360.558,357.886,355.79,355.345,356.037,356.634,356.722,356.501,356.395,356.501,356.191,354.962,352.78,350.057,347.91,347.406,348.03,348.553,348.559,348.253
378.655,379.622,380.102,379.547,377.86,375.74,374.283,374.262,375.401,376.716,377.579,378.141,378.841,379.649,379.999,379.35,377.604,375.455,373.989,373.966,375.107,376.432,377.309,377.887,378.599,379.421,379.792,379.174,377.47,375.365,373.939,373.944,375.1,376.434,377.319,377.899,378.607,379.422,379.793,379.186,377.503,375.424,374.018,374.031,375.184,376.51,377.385,377.951,378.64,379.435,379.794,379.188,377.516,375.453,374.06,374.072,375.213,376.522,377.38,377.926,378.588,379.357,379.699,379.089,377.425,375.375,373.99,373.998,375.122,376.41,377.247,377.768,378.4,379.14,379.462,378.845,377.187,375.15,373.771,373.772,374.876,376.141,376.953,377.447,378.048,378.755,379.055,378.431,376.78,374.754,373.381,373.373,374.456,375.694,376.48,376.946,377.513,378.187,378.464,377.832,376.187,374.173,372.806,372.788,373.847,375.057,375.815,376.251,376.784,377.423,377.677,377.036,375.397,373.395,372.034,372.005,373.039,374.22,374.949,375.355,375.852,376.456,376.685,376.036,374.404,372.415,371.059,371.019,372.026,373.176,373.876,374.249,374.71,375.278,375.482,374.825,373.2,371.225,369.875,369.822,370.803,371.92,372.589,372.93,373.354,373.885,374.064,373.4,371.783,369.821,368.477,368.412,369.364,370.449,371.086,371.394,371.78,372.275,372.429,371.757,370.148,368.202,366.864,366.786,367.709,368.759,369.364,369.639,369.987,370.445,370.574,369.895,368.295,366.364,365.033,364.942,365.834,366.85,367.422,367.663
378.653,379.61,380.108,379.544,377.815,375.682,374.266,374.296,375.464,376.793,377.647,378.164,378.809,379.591,379.927,379.212,377.344,375.084,373.547,373.455,374.501,375.706,376.434,376.83,377.36,378.038,378.287,377.503,375.583,373.285,371.719,371.599,372.616,373.79,374.487,374.854,375.36,376.023,376.272,375.503,373.614,371.357,369.834,369.756,370.806,372.007,372.726,373.111,373.634,374.32,374.601,373.876,372.042,369.844,368.38,368.352,369.441,370.668,371.405,371.8,372.331,373.027,373.325,372.628,370.83,368.672,367.244,367.243,368.344,369.572,370.298,370.677,371.187,371.866,372.155,371.46,369.673,367.532,366.118,366.12,367.212,368.418,369.113,369.454,369.925,370.568,370.833,370.125,368.339,366.203,364.792,364.789,365.861,367.037,367.692,367.989,368.415,369.017,369.253,368.532,366.744,364.614,363.206,363.196,364.249,365.394,366.009,366.262,366.643,367.206,367.416,366.684,364.899,362.777,361.377,361.363,362.399,363.515,364.093,364.303,364.641,365.168,365.354,364.615,362.836,360.728,359.338,359.324,360.345,361.434,361.975,362.144,362.441,362.933,363.098,362.354,360.585,358.493,357.117,357.105,358.113,359.175,359.681,359.81,360.066,360.523,360.669,359.923,358.166,356.094,354.734,354.725,355.72,356.757,357.228,357.317,357.533,357.957,358.085,357.338,355.596,353.546,352.204,352.2,353.184,354.195,354.631,354.681,354.857,355.249,355.36,354.615,352.891,350.865,349.543,349.545,350.518,351.505,351.906,351.916
379.028,380.2,380.811,380.378,378.978,376.993,375.564,375.874,377.402,378.902,380.005,380.813,381.743,382.905,383.515,383.091,381.698,379.72,378.299,378.613,380.139,381.63,382.715,383.498,384.399,385.535,386.13,385.702,384.306,382.323,380.898,381.206,382.718,384.191,385.247,385.995,386.859,387.961,388.535,388.097,386.692,384.701,383.268,383.564,385.06,386.508,387.532,388.242,389.065,390.129,390.68,390.23,388.817,386.816,385.374,385.658,387.134,388.557,389.547,390.215,390.994,392.019,392.546,392.084,390.661,388.649,387.199,387.468,388.922,390.317,391.269,391.893,392.625,393.608,394.107,393.631,392.196,390.173,388.709,388.96,390.389,391.751,392.661,393.235,393.915,394.851,395.319,394.825,393.374,391.335,389.855,390.082,391.48,392.803,393.665,394.183,394.804,395.686,396.117,395.6,394.129,392.069,390.567,390.766,392.126,393.404,394.211,394.665,395.22,396.042,396.43,395.884,394.388,392.302,390.773,390.937,392.252,393.479,394.223,394.607,395.089,395.844,396.183,395.604,394.077,391.961,390.399,390.522,391.787,392.955,393.629,393.936,394.339,395.021,395.306,394.688,393.127,390.976,389.377,389.453,390.662,391.766,392.365,392.589,392.906,393.51,393.736,393.076,391.477,389.287,387.647,387.672,388.819,389.854,390.374,390.509,390.736,391.256,391.419,390.714,389.074,386.843,385.159,385.129,386.211,387.173,387.608,387.651,387.783,388.217,388.314,387.56,385.878,383.605,381.874,381.787,382.802,383.687,384.034,383.981
379.025,380.111,380.706,380.311,378.85,376.969,375.744,375.967,377.354,378.914,380.04,380.899,381.908,383.006,383.62,383.256,381.838,380.004,378.822,379.073,380.476,382.047,383.186,384.054,385.068,386.169,386.794,386.453,385.069,383.275,382.128,382.399,383.807,385.38,386.522,387.391,388.399,389.494,390.121,389.796,388.44,386.68,385.56,385.843,387.248,388.814,389.95,390.812,391.807,392.889,393.512,393.197,391.864,390.132,389.035,389.324,390.72,392.272,393.397,394.246,395.223,396.285,396.9,396.592,395.279,393.573,392.495,392.785,394.166,395.699,396.808,397.64,398.594,399.634,400.237,399.932,398.637,396.955,395.893,396.181,397.542,399.052,400.141,400.951,401.879,402.893,403.48,403.176,401.895,400.235,399.186,399.467,400.805,402.287,403.35,404.134,405.031,406.014,406.582,406.274,405.006,403.363,402.324,402.593,403.901,405.348,406.381,407.133,407.994,408.941,409.484,409.168,407.908,406.279,405.245,405.496,406.768,408.175,409.169,409.885,410.704,411.608,412.12,411.792,410.535,408.916,407.881,408.108,409.337,410.696,411.647,412.319,413.09,413.946,414.422,414.076,412.817,411.203,410.162,410.36,411.539,412.845,413.745,414.368,415.085,415.887,416.322,415.953,414.689,413.075,412.023,412.186,413.309,414.555,415.399,415.967,416.625,417.369,417.758,417.362,416.087,414.47,413.404,413.526,414.589,415.769,416.552,417.061,417.656,418.337,418.676,418.25,416.962,415.339,414.254,414.332,415.329,416.44,417.158,417.604
378.327,379.307,379.741,379.157,377.606,375.555,374.1,374.313,375.765,377.254,378.29,379.047,379.956,381.028,381.542,381.017,379.506,377.479,376.044,376.274,377.737,379.23,380.266,381.02,381.922,382.987,383.501,382.981,381.479,379.465,378.046,378.291,379.764,381.263,382.299,383.048,383.943,385.002,385.514,385.001,383.509,381.508,380.105,380.367,381.85,383.353,384.389,385.135,386.023,387.074,387.587,387.081,385.599,383.613,382.227,382.504,383.998,385.506,386.542,387.284,388.164,389.209,389.721,389.222,387.753,385.781,384.413,384.707,386.212,387.725,388.76,389.498,390.371,391.408,391.92,391.43,389.973,388.017,386.667,386.978,388.493,390.011,391.047,391.779,392.645,393.675,394.188,393.706,392.262,390.323,388.992,389.319,390.846,392.368,393.404,394.132,394.989,396.013,396.526,396.053,394.623,392.701,391.39,391.735,393.272,394.799,395.834,396.558,397.407,398.423,398.937,398.473,397.058,395.154,393.864,394.225,395.773,397.305,398.34,399.058,399.899,400.909,401.423,400.969,399.569,397.684,396.414,396.794,398.352,399.888,400.922,401.636,402.468,403.47,403.985,403.541,402.157,400.292,399.043,399.44,401.009,402.55,403.583,404.291,405.115,406.109,406.625,406.192,404.824,402.979,401.752,402.167,403.746,405.291,406.323,407.026,407.841,408.827,409.344,408.922,407.571,405.746,404.541,404.974,406.563,408.112,409.143,409.839,410.645,411.624,412.141,411.73,410.397,408.593,407.411,407.861,409.46,411.013,412.043,412.733
378.931,379.963,380.488,379.993,378.42,376.458,375.168,375.297,376.571,378.045,379.118,379.922,380.859,381.87,382.38,381.881,380.315,378.369,377.096,377.235,378.511,379.985,381.06,381.867,382.802,383.81,384.321,383.83,382.284,380.364,379.115,379.269,380.55,382.026,383.105,383.914,384.848,385.852,386.362,385.879,384.351,382.455,381.229,381.395,382.679,384.155,385.233,386.043,386.972,387.969,388.476,387.998,386.487,384.615,383.41,383.586,384.871,386.343,387.42,388.227,389.15,390.138,390.64,390.167,388.672,386.822,385.637,385.823,387.105,388.572,389.646,390.449,391.365,392.343,392.838,392.369,390.89,389.062,387.897,388.091,389.37,390.83,391.899,392.697,393.604,394.57,395.058,394.593,393.129,391.323,390.177,390.377,391.652,393.103,394.166,394.958,395.855,396.808,397.288,396.825,395.376,393.593,392.465,392.671,393.939,395.38,396.435,397.22,398.105,399.044,399.515,399.054,397.62,395.858,394.748,394.958,396.218,397.648,398.694,399.47,400.342,401.265,401.726,401.267,399.847,398.106,397.012,397.226,398.476,399.893,400.928,401.693,402.551,403.458,403.907,403.448,402.042,400.322,399.244,399.46,400.699,402.101,403.123,403.876,404.718,405.607,406.044,405.584,404.191,402.491,401.428,401.644,402.87,404.255,405.264,406.003,406.827,407.696,408.119,407.658,406.277,404.597,403.548,403.762,404.973,406.34,407.332,408.057,408.862,409.71,410.117,409.654,408.284,406.622,405.586,405.798,406.991,408.338,409.313,410.02
378.689,379.785,380.304,379.736,378.133,375.946,374.296,374.302,375.526,376.748,377.505,377.994,378.655,379.51,379.821,379.093,377.385,375.159,373.54,373.64,375.004,376.398,377.345,378.027,378.875,379.906,380.376,379.79,378.204,376.077,374.541,374.711,376.127,377.558,378.527,379.22,380.072,381.103,381.577,380.997,379.415,377.293,375.764,375.943,377.365,378.794,379.757,380.44,381.278,382.298,382.764,382.182,380.599,378.478,376.953,377.137,378.562,379.989,380.943,381.614,382.438,383.444,383.903,383.319,381.735,379.613,378.092,378.282,379.709,381.132,382.078,382.736,383.545,384.537,384.988,384.401,382.817,380.695,379.178,379.373,380.802,382.221,383.158,383.802,384.596,385.573,386.016,385.427,383.842,381.721,380.208,380.408,381.838,383.253,384.18,384.811,385.588,386.55,386.985,386.394,384.808,382.688,381.178,381.383,382.814,384.225,385.141,385.757,386.518,387.464,387.891,387.297,385.711,383.592,382.086,382.295,383.728,385.133,386.039,386.64,387.382,388.313,388.731,388.135,386.548,384.431,382.928,383.142,384.575,385.975,386.869,387.455,388.179,389.093,389.502,388.904,387.317,385.201,383.703,383.921,385.354,386.748,387.63,388.2,388.905,389.802,390.202,389.602,388.015,385.9,384.406,384.628,386.061,387.448,388.319,388.871,389.558,390.437,390.827,390.225,388.639,386.525,385.035,385.261,386.693,388.074,388.932,389.467,390.134,390.995,391.376,390.771,389.186,387.074,385.588,385.817,387.249,388.623,389.467,389.984
379.185,380.307,380.97,380.671,379.296,377.444,376.201,376.395,377.757,379.303,380.444,381.331,382.371,383.514,384.208,383.955,382.634,380.834,379.625,379.822,381.167,382.7,383.841,384.733,385.771,386.912,387.613,387.381,386.09,384.319,383.117,383.288,384.585,386.074,387.185,388.053,389.061,390.169,390.849,390.609,389.322,387.551,386.328,386.441,387.656,389.068,390.117,390.931,391.88,392.927,393.556,393.282,391.97,390.174,388.903,388.928,390.033,391.337,392.296,393.03,393.895,394.856,395.411,395.078,393.722,391.88,390.538,390.454,391.424,392.599,393.447,394.081,394.845,395.702,396.166,395.76,394.344,392.444,391.021,390.812,391.634,392.666,393.39,393.914,394.568,395.314,395.679,395.194,393.716,391.755,390.246,389.91,390.579,391.464,392.063,392.478,393.022,393.657,393.927,393.367,391.831,389.816,388.23,387.773,388.295,389.039,389.52,389.834,390.279,390.815,391.0,390.377,388.798,386.745,385.096,384.533,384.923,385.541,385.919,386.149,386.511,386.966,387.084,386.418,384.816,382.746,381.056,380.409,380.686,381.198,381.494,381.661,381.962,382.358,382.43,381.743,380.143,378.08,376.374,375.666,375.855,376.283,376.521,376.646,376.91,377.269,377.319,376.633,375.059,373.028,371.331,370.587,370.71,371.077,371.277,371.384,371.632,371.975,372.023,371.36,369.834,367.857,366.191,365.433,365.51,365.835,366.018,366.124,366.373,366.718,366.781,366.158,364.697,362.792,361.174,360.419,360.468,360.767,360.945,361.064
378.762,379.818,380.273,379.657,377.943,375.742,374.188,374.232,375.57,377.031,377.96,378.633,379.539,380.54,380.955,380.312,378.578,376.362,374.791,374.816,376.13,377.558,378.449,379.082,379.948,380.911,381.291,380.615,378.851,376.609,375.019,375.03,376.329,377.741,378.613,379.225,380.07,381.012,381.374,380.681,378.901,376.647,375.05,375.056,376.35,377.753,378.612,379.209,380.037,380.963,381.31,380.603,378.81,376.546,374.943,374.945,376.234,377.629,378.474,379.055,379.866,380.774,381.105,380.383,378.575,376.299,374.688,374.685,375.967,377.35,378.18,378.743,379.533,380.422,380.734,379.994,378.17,375.88,374.26,374.249,375.522,376.891,377.703,378.245,379.014,379.88,380.171,379.412,377.569,375.264,373.633,373.612,374.874,376.228,377.02,377.539,378.284,379.126,379.395,378.615,376.753,374.431,372.787,372.756,374.004,375.341,376.112,376.607,377.326,378.142,378.389,377.587,375.703,373.365,371.707,371.664,372.898,374.216,374.964,375.434,376.126,376.916,377.138,376.314,374.409,372.052,370.38,370.324,371.543,372.842,373.566,374.01,374.674,375.436,375.633,374.785,372.859,370.483,368.797,368.727,369.93,371.209,371.909,372.325,372.961,373.695,373.866,372.994,371.046,368.652,366.95,366.866,368.053,369.311,369.986,370.374,370.981,371.686,371.83,370.935,368.964,366.551,364.835,364.736,365.906,367.142,367.792,368.152,368.729,369.404,369.522,368.603,366.61,364.179,362.447,362.333,363.486,364.701,365.325,365.657
378.591,379.582,380.001,379.361,377.736,375.552,373.934,374.023,375.341,376.663,377.561,378.174,378.915,379.851,380.243,379.598,377.984,375.826,374.246,374.381,375.746,377.113,378.054,378.703,379.475,380.442,380.87,380.267,378.693,376.573,375.03,375.197,376.585,377.967,378.913,379.559,380.32,381.277,381.701,381.102,379.534,377.419,375.884,376.057,377.446,378.822,379.756,380.383,381.122,382.057,382.469,381.867,380.299,378.186,376.655,376.831,378.217,379.585,380.503,381.109,381.822,382.733,383.131,382.525,380.956,378.844,377.317,377.494,378.875,380.233,381.134,381.717,382.403,383.288,383.671,383.06,381.49,379.379,377.855,378.032,379.407,380.753,381.636,382.194,382.851,383.709,384.076,383.46,381.889,379.778,378.256,378.432,379.801,381.134,381.997,382.529,383.155,383.984,384.334,383.713,382.14,380.03,378.509,378.684,380.045,381.364,382.207,382.711,383.305,384.104,384.437,383.809,382.235,380.125,378.607,378.779,380.131,381.435,382.256,382.731,383.292,384.061,384.375,383.741,382.165,380.056,378.539,378.708,380.05,381.339,382.136,382.581,383.108,383.844,384.139,383.499,381.921,379.813,378.297,378.463,379.795,381.066,381.839,382.254,382.745,383.448,383.724,383.077,381.497,379.39,377.876,378.038,379.357,380.611,381.359,381.741,382.196,382.866,383.12,382.467,380.886,378.779,377.266,377.424,378.731,379.967,380.688,381.037,381.454,382.089,382.323,381.663,380.081,377.976,376.464,376.616,377.91,379.126,379.821,380.135
378.774,379.826,380.329,379.801,378.257,376.178,374.696,374.883,376.316,377.781,378.768,379.486,380.378,381.429,381.946,381.444,379.932,377.889,376.448,376.677,378.147,379.642,380.65,381.382,382.283,383.344,383.876,383.396,381.907,379.885,378.465,378.714,380.196,381.695,382.698,383.418,384.303,385.35,385.877,385.4,383.917,381.902,380.491,380.75,382.236,383.731,384.722,385.425,386.29,387.32,387.84,387.366,385.888,383.881,382.48,382.747,384.237,385.727,386.706,387.39,388.234,389.245,389.758,389.286,387.814,385.814,384.422,384.697,386.188,387.672,388.636,389.299,390.118,391.11,391.613,391.141,389.674,387.68,386.296,386.576,388.067,389.541,390.488,391.128,391.92,392.888,393.379,392.906,391.443,389.454,388.075,388.36,389.847,391.31,392.236,392.849,393.612,394.554,395.031,394.555,393.093,391.108,389.733,390.02,391.502,392.95,393.853,394.436,395.166,396.079,396.54,396.059,394.598,392.614,391.242,391.528,393.002,394.432,395.309,395.859,396.553,397.434,397.876,397.389,395.926,393.942,392.571,392.854,394.317,395.728,396.575,397.089,397.743,398.589,399.01,398.514,397.048,395.062,393.69,393.967,395.417,396.805,397.619,398.094,398.705,399.513,399.91,399.403,397.933,395.944,394.568,394.838,396.271,397.633,398.412,398.843,399.409,400.176,400.547,400.027,398.55,396.556,395.176,395.435,396.849,398.182,398.922,399.308,399.824,400.548,400.889,400.355,398.869,396.87,395.482,395.729,397.122,398.423,399.121,399.457
378.777,379.771,380.21,379.614,377.921,375.751,374.206,374.162,375.326,376.589,377.306,377.728,378.321,378.973,379.066,378.117,376.06,373.525,371.609,371.18,371.952,372.815,373.123,373.137,373.322,373.567,373.269,371.944,369.522,366.64,364.39,363.631,364.082,364.633,364.635,364.357,364.262,364.237,363.693,362.142,359.51,356.439,354.012,353.08,353.364,353.751,353.592,353.158,352.91,352.738,352.059,350.385,347.639,344.461,341.93,340.889,341.057,341.322,341.035,340.469,340.084,339.773,338.96,337.159,334.287,330.988,328.334,327.16,327.186,327.301,326.854,326.126,325.572,325.09,324.114,322.155,319.132,315.686,312.884,311.555,311.419,311.365,310.744,309.84,309.108,308.447,307.303,305.187,302.013,298.426,295.483,294.007,293.719,293.509,292.728,291.664,290.772,289.953,288.663,286.414,283.115,279.411,276.356,274.761,274.35,274.013,273.103,271.911,270.889,269.946,268.543,266.193,262.805,259.021,255.888,254.211,253.711,253.283,252.281,250.996,249.882,248.849,247.371,244.959,241.52,237.694,234.522,232.8,232.25,231.768,230.711,229.371,228.202,227.12,225.604,223.168,219.717,215.889,212.716,210.988,210.425,209.926,208.852,207.495,206.309,205.214,203.697,201.276,197.852,194.058,190.921,189.224,188.684,188.205,187.15,185.81,184.641,183.569,182.087,179.715,176.353,172.628,169.562,167.929,167.445,167.017,166.014,164.723,163.602,162.585,161.168,158.876,155.606,151.982,149.015,147.477,147.076,146.728,145.803,144.588
378.587,379.551,380.003,379.468,377.901,375.811,374.335,374.491,375.888,377.347,378.309,378.978,379.799,380.759,381.231,380.726,379.189,377.123,375.668,375.842,377.252,378.719,379.685,380.35,381.161,382.114,382.594,382.11,380.599,378.56,377.132,377.328,378.753,380.231,381.199,381.856,382.653,383.595,384.077,383.608,382.117,380.099,378.693,378.905,380.339,381.819,382.782,383.426,384.201,385.125,385.604,385.147,383.672,381.673,380.284,380.509,381.947,383.426,384.382,385.008,385.758,386.662,387.135,386.688,385.23,383.249,381.877,382.112,383.554,385.03,385.976,386.582,387.306,388.187,388.655,388.217,386.775,384.813,383.459,383.705,385.149,386.621,387.556,388.141,388.837,389.695,390.157,389.728,388.304,386.362,385.026,385.282,386.727,388.195,389.118,389.681,390.348,391.182,391.637,391.219,389.813,387.892,386.574,386.84,388.286,389.749,390.659,391.199,391.837,392.645,393.093,392.686,391.3,389.4,388.102,388.377,389.823,391.28,392.177,392.694,393.3,394.083,394.524,394.128,392.762,390.885,389.607,389.892,391.337,392.788,393.67,394.163,394.738,395.494,395.927,395.543,394.199,392.346,391.088,391.382,392.826,394.27,395.137,395.604,396.147,396.877,397.302,396.93,395.608,393.78,392.543,392.847,394.289,395.724,396.576,397.017,397.527,398.229,398.647,398.286,396.988,395.186,393.97,394.283,395.723,397.15,397.986,398.4,398.875,399.549,399.96,399.612,398.338,396.562,395.368,395.691,397.128,398.545,399.364,399.751
378.793,379.798,380.293,379.802,378.236,376.198,374.79,374.883,376.172,377.584,378.503,379.14,379.935,380.814,381.2,380.612,378.957,376.836,375.347,375.348,376.539,377.852,378.673,379.212,379.908,380.692,381.0,380.35,378.648,376.491,374.968,374.928,376.072,377.341,378.121,378.62,379.275,380.024,380.313,379.664,377.976,375.843,374.345,374.321,375.474,376.749,377.54,378.047,378.707,379.466,379.778,379.169,377.534,375.46,374.017,374.038,375.222,376.526,377.345,377.876,378.554,379.333,379.678,379.115,377.539,375.527,374.142,374.204,375.415,376.741,377.582,378.129,378.816,379.605,379.971,379.443,377.914,375.952,374.612,374.702,375.925,377.258,378.104,378.652,379.332,380.116,380.49,379.985,378.489,376.567,375.258,375.363,376.584,377.911,378.751,379.289,379.952,380.72,381.091,380.6,379.131,377.241,375.957,376.069,377.281,378.595,379.422,379.942,380.583,381.331,381.695,381.214,379.769,377.908,376.646,376.762,377.962,379.258,380.068,380.57,381.185,381.91,382.266,381.794,380.373,378.541,377.301,377.419,378.604,379.881,380.674,381.155,381.745,382.446,382.793,382.33,380.934,379.132,377.914,378.033,379.202,380.458,381.233,381.693,382.256,382.934,383.271,382.819,381.447,379.676,378.48,378.601,379.752,380.987,381.742,382.181,382.718,383.372,383.7,383.258,381.912,380.173,379.0,379.121,380.254,381.467,382.202,382.619,383.13,383.759,384.079,383.647,382.328,380.622,379.471,379.592,380.707,381.897,382.611,383.006
378.709,379.733,380.271,379.837,378.35,376.355,374.978,375.17,376.584,378.096,379.117,379.847,380.734,381.746,382.289,381.872,380.409,378.438,377.081,377.284,378.698,380.207,381.221,381.937,382.801,383.795,384.333,383.927,382.481,380.529,379.19,379.397,380.806,382.307,383.31,384.006,384.844,385.815,386.346,385.948,384.517,382.585,381.259,381.468,382.869,384.357,385.345,386.019,386.827,387.772,388.293,387.901,386.486,384.57,383.258,383.466,384.854,386.326,387.296,387.944,388.72,389.635,390.144,389.757,388.355,386.456,385.155,385.359,386.731,388.184,389.132,389.752,390.492,391.375,391.869,391.485,390.097,388.213,386.921,387.119,388.471,389.902,390.825,391.413,392.115,392.964,393.442,393.059,391.683,389.815,388.53,388.719,390.049,391.454,392.349,392.904,393.565,394.377,394.836,394.454,393.089,391.236,389.959,390.137,391.441,392.817,393.682,394.201,394.819,395.593,396.032,395.649,394.296,392.457,391.186,391.351,392.627,393.972,394.805,395.286,395.86,396.594,397.012,396.628,395.286,393.462,392.197,392.347,393.593,394.904,395.704,396.146,396.675,397.368,397.763,397.378,396.048,394.24,392.98,393.114,394.328,395.605,396.37,396.772,397.255,397.906,398.28,397.893,396.576,394.783,393.53,393.647,394.828,396.069,396.797,397.159,397.597,398.207,398.558,398.171,396.867,395.092,393.844,393.945,395.092,396.296,396.988,397.31,397.702,398.271,398.6,398.213,396.924,395.168,393.928,394.012,395.124,396.29,396.946,397.229
378.742,379.802,380.379,379.994,378.531,376.544,375.18,375.395,376.861,378.417,379.429,380.155,381.076,382.119,382.697,382.329,380.892,378.931,377.593,377.828,379.306,380.867,381.876,382.593,383.498,384.531,385.116,384.771,383.361,381.429,380.115,380.368,381.857,383.421,384.427,385.13,386.018,387.041,387.633,387.31,385.929,384.025,382.737,383.007,384.504,386.07,387.07,387.759,388.627,389.637,390.235,389.935,388.584,386.709,385.445,385.732,387.236,388.801,389.793,390.464,391.309,392.306,392.909,392.631,391.31,389.464,388.224,388.526,390.034,391.595,392.576,393.228,394.048,395.028,395.635,395.378,394.088,392.271,391.054,391.368,392.877,394.433,395.4,396.028,396.821,397.782,398.39,398.155,396.894,395.106,393.911,394.235,395.742,397.288,398.238,398.84,399.601,400.541,401.149,400.934,399.702,397.942,396.767,397.098,398.601,400.134,401.062,401.634,402.362,403.276,403.883,403.686,402.482,400.749,399.592,399.928,401.421,402.938,403.842,404.38,405.069,405.956,406.558,406.378,405.201,403.493,402.353,402.69,404.171,405.666,406.542,407.042,407.69,408.546,409.141,408.976,407.825,406.141,405.014,405.349,406.814,408.284,409.127,409.586,410.188,411.009,411.595,411.443,410.316,408.654,407.538,407.868,409.312,410.753,411.558,411.972,412.525,413.308,413.881,413.741,412.636,410.995,409.888,410.208,411.627,413.034,413.798,414.162,414.662,415.404,415.962,415.83,414.747,413.124,412.023,412.33,413.72,415.089,415.807,416.117
378.582,379.454,379.884,379.326,377.692,375.691,374.339,374.277,375.252,376.438,377.261,377.766,378.302,378.887,379.037,378.224,376.365,374.168,372.634,372.395,373.208,374.261,374.987,375.428,375.921,376.486,376.648,375.887,374.117,372.031,370.605,370.459,371.35,372.48,373.293,373.82,374.395,375.037,375.285,374.627,372.983,371.024,369.71,369.648,370.598,371.78,372.647,373.227,373.845,374.527,374.82,374.227,372.669,370.801,369.562,369.545,370.516,371.713,372.6,373.2,373.831,374.522,374.833,374.281,372.785,370.987,369.801,369.808,370.78,371.971,372.859,373.461,374.09,374.775,375.091,374.567,373.124,371.384,370.242,370.262,371.223,372.398,373.276,373.873,374.491,375.163,375.478,374.976,373.58,371.896,370.792,370.82,371.762,372.915,373.778,374.364,374.968,375.623,375.932,375.45,374.1,372.469,371.402,371.433,372.355,373.481,374.326,374.898,375.484,376.12,376.423,375.959,374.654,373.076,372.044,372.077,372.974,374.071,374.895,375.452,376.02,376.636,376.931,376.485,375.225,373.699,372.701,372.735,373.606,374.673,375.473,376.014,376.563,377.158,377.445,377.017,375.802,374.329,373.365,373.399,374.242,375.276,376.052,376.576,377.105,377.679,377.958,377.549,376.379,374.959,374.029,374.061,374.876,375.875,376.627,377.132,377.642,378.195,378.466,378.074,376.95,375.583,374.688,374.718,375.503,376.467,377.194,377.681,378.171,378.703,378.965,378.592,377.514,376.2,375.338,375.366,376.121,377.05,377.75,378.219
378.718,379.701,380.232,379.8,378.236,376.102,374.531,374.433,375.545,376.786,377.506,377.903,378.418,379.003,379.119,378.246,376.194,373.528,371.364,370.604,371.015,371.525,371.479,371.084,370.77,370.491,369.742,367.992,365.03,361.433,358.301,356.53,355.926,355.431,354.384,353.012,351.731,350.498,348.847,346.233,342.427,338.015,334.084,331.521,330.173,328.993,327.323,325.393,323.61,321.935,319.925,317.024,312.987,308.393,304.313,301.635,300.221,299.048,297.46,295.673,294.087,292.672,290.983,288.462,284.85,280.697,277.068,274.85,273.912,273.255,272.235,271.039,270.063,269.288,268.26,266.421,263.501,260.016,257.025,255.419,255.07,255.012,254.611,254.03,253.658,253.491,253.066,251.825,249.489,246.544,244.042,242.88,242.94,243.286,243.301,243.123,243.141,243.358,243.309,242.436,240.45,237.812,235.566,234.611,234.847,235.372,235.58,235.595,235.797,236.197,236.332,235.643,233.826,231.322,229.167,228.258,228.518,229.078,229.344,229.428,229.699,230.173,230.392,229.791,228.053,225.602,223.458,222.52,222.737,223.269,223.536,223.639,223.936,224.444,224.71,224.164,222.475,220.047,217.888,216.896,217.044,217.528,217.779,217.889,218.201,218.735,219.04,218.541,216.893,214.483,212.302,211.249,211.323,211.754,211.986,212.1,212.429,212.989,213.334,212.882,211.275,208.882,206.679,205.563,205.562,205.937,206.15,206.271,206.619,207.208,207.594,207.191,205.627,203.252,201.027,199.848,199.77,200.089,200.284,200.414
378.608,379.68,380.174,379.584,378.028,375.887,374.292,374.466,375.879,377.264,378.258,378.966,379.787,380.84,381.326,380.741,379.197,377.074,375.504,375.706,377.142,378.538,379.529,380.224,381.023,382.05,382.515,381.913,380.35,378.206,376.618,376.807,378.225,379.597,380.557,381.216,381.976,382.964,383.398,382.77,381.183,379.015,377.406,377.576,378.973,380.318,381.244,381.863,382.579,383.525,383.925,383.271,381.657,379.462,377.83,377.98,379.354,380.669,381.558,382.136,382.807,383.709,384.073,383.391,381.75,379.528,377.873,378.001,379.351,380.637,381.489,382.023,382.649,383.506,383.835,383.126,381.459,379.211,377.533,377.641,378.969,380.225,381.04,381.533,382.113,382.927,383.223,382.489,380.797,378.526,376.828,376.917,378.224,379.453,380.233,380.687,381.224,381.997,382.261,381.505,379.793,377.5,375.785,375.859,377.148,378.353,379.102,379.518,380.015,380.749,380.986,380.211,378.483,376.174,374.445,374.508,375.783,376.967,377.687,378.07,378.529,379.229,379.442,378.653,376.912,374.591,372.853,372.908,374.173,375.34,376.036,376.388,376.814,377.483,377.676,376.876,375.127,372.799,371.057,371.109,372.366,373.52,374.196,374.521,374.917,375.559,375.736,374.93,373.178,370.847,369.104,369.157,370.412,371.557,372.216,372.517,372.886,373.504,373.669,372.862,371.112,368.781,367.042,367.1,368.356,369.495,370.14,370.422,370.767,371.365,371.521,370.717,368.971,366.646,364.914,364.98,366.241,367.378,368.012,368.277
378.416,379.284,379.579,378.799,377.002,374.618,372.774,372.611,373.66,374.689,375.253,375.501,375.849,376.37,376.356,375.304,373.262,370.668,368.646,368.334,369.261,370.19,370.673,370.86,371.167,371.672,371.673,370.665,368.688,366.174,364.246,364.04,365.075,366.112,366.702,366.991,367.397,368.007,368.123,367.242,365.395,363.008,361.208,361.127,362.277,363.42,364.104,364.475,364.954,365.636,365.832,365.038,363.28,360.979,359.263,359.261,360.48,361.682,362.413,362.819,363.325,364.036,364.269,363.523,361.814,359.56,357.891,357.933,359.187,360.414,361.161,361.571,362.076,362.786,363.032,362.308,360.627,358.4,356.758,356.824,358.095,359.329,360.073,360.472,360.959,361.655,361.899,361.187,359.522,357.313,355.689,355.769,357.047,358.281,359.014,359.393,359.854,360.528,360.765,360.06,358.406,356.21,354.6,354.691,355.971,357.199,357.917,358.271,358.703,359.351,359.578,358.877,357.234,355.049,353.452,353.55,354.831,356.051,356.751,357.078,357.478,358.098,358.313,357.615,355.982,353.809,352.223,352.329,353.609,354.82,355.5,355.798,356.163,356.754,356.956,356.261,354.638,352.477,350.903,351.015,352.294,353.494,354.153,354.421,354.75,355.31,355.499,354.808,353.195,351.046,349.484,349.603,350.88,352.068,352.706,352.942,353.234,353.763,353.938,353.25,351.649,349.514,347.964,348.09,349.364,350.54,351.155,351.358,351.612,352.109,352.271,351.587,349.998,347.876,346.34,346.472,347.743,348.907,349.498,349.667
378.874,379.724,380.084,379.58,378.216,376.616,375.577,375.585,376.503,377.786,378.995,380.009,380.95,381.777,382.124,381.637,380.325,378.786,377.783,377.786,378.664,379.904,381.084,382.079,382.999,383.798,384.13,383.661,382.404,380.928,379.963,379.957,380.793,381.983,383.127,384.098,384.991,385.76,386.075,385.625,384.423,383.013,382.087,382.071,382.86,383.995,385.097,386.037,386.899,387.635,387.932,387.5,386.355,385.013,384.125,384.098,384.837,385.913,386.966,387.871,388.698,389.396,389.674,389.26,388.174,386.899,386.052,386.013,386.699,387.712,388.712,389.576,390.364,391.023,391.28,390.884,389.856,388.651,387.843,387.793,388.425,389.371,390.314,391.134,391.879,392.496,392.732,392.354,391.385,390.25,389.482,389.42,389.997,390.875,391.758,392.529,393.228,393.803,394.016,393.657,392.747,391.68,390.954,390.88,391.403,392.21,393.031,393.751,394.403,394.934,395.125,394.784,393.932,392.935,392.248,392.164,392.633,393.371,394.128,394.796,395.399,395.885,396.054,395.731,394.937,394.008,393.362,393.268,393.685,394.355,395.047,395.662,396.216,396.658,396.805,396.499,395.762,394.9,394.295,394.193,394.559,395.162,395.791,396.352,396.857,397.256,397.382,397.094,396.411,395.615,395.05,394.941,395.26,395.798,396.365,396.873,397.329,397.686,397.792,397.521,396.893,396.159,395.635,395.52,395.794,396.27,396.777,397.234,397.642,397.958,398.046,397.792,397.215,396.543,396.056,395.938,396.171,396.588,397.037,397.444
378.862,379.932,380.442,379.907,378.275,376.184,374.745,374.846,376.201,377.671,378.582,379.22,380.093,381.07,381.49,380.868,379.155,376.988,375.479,375.512,376.797,378.194,379.026,379.585,380.382,381.287,381.642,380.963,379.196,376.985,375.438,375.436,376.686,378.042,378.83,379.343,380.097,380.963,381.287,380.581,378.794,376.569,375.014,375.006,376.246,377.588,378.356,378.847,379.58,380.428,380.739,380.027,378.238,376.016,374.469,374.469,375.714,377.053,377.812,378.291,379.012,379.851,380.159,379.447,377.664,375.452,373.918,373.933,375.186,376.527,377.28,377.75,378.461,379.294,379.6,378.892,377.115,374.915,373.397,373.427,374.69,376.031,376.78,377.24,377.941,378.767,379.071,378.365,376.597,374.408,372.906,372.95,374.221,375.563,376.304,376.753,377.443,378.261,378.562,377.858,376.096,373.919,372.431,372.488,373.767,375.108,375.84,376.276,376.953,377.761,378.058,377.355,375.599,373.433,371.959,372.029,373.313,374.651,375.374,375.795,376.457,377.254,377.546,376.843,375.093,372.938,371.476,371.558,372.847,374.181,374.892,375.298,375.944,376.729,377.014,376.311,374.566,372.421,370.972,371.065,372.358,373.688,374.386,374.775,375.404,376.175,376.453,375.75,374.01,371.875,370.438,370.541,371.838,373.162,373.847,374.218,374.829,375.586,375.857,375.152,373.418,371.292,369.869,369.982,371.282,372.599,373.269,373.622,374.214,374.957,375.219,374.514,372.785,370.669,369.259,369.382,370.684,371.995,372.65,372.983
378.441,379.323,379.667,378.991,377.26,374.974,373.266,373.179,374.318,375.476,376.095,376.398,376.831,377.374,377.389,376.384,374.314,371.683,369.622,369.163,369.917,370.673,370.866,370.732,370.717,370.808,370.388,368.963,366.48,363.452,361.01,360.182,360.588,361.012,360.89,360.468,360.194,360.067,359.483,357.95,355.402,352.354,349.934,349.167,349.667,350.214,350.243,349.993,349.918,350.024,349.71,348.48,346.264,343.559,341.492,341.089,341.946,342.842,343.212,343.288,343.527,343.948,343.951,343.04,341.141,338.737,336.958,336.827,337.93,339.047,339.616,339.863,340.254,340.819,340.966,340.202,338.445,336.171,334.511,334.485,335.675,336.86,337.479,337.756,338.167,338.752,338.93,338.207,336.494,334.261,332.638,332.643,333.851,335.042,335.653,335.911,336.296,336.861,337.034,336.323,334.628,332.414,330.809,330.827,332.038,333.221,333.813,334.041,334.391,334.927,335.09,334.386,332.707,330.51,328.922,328.95,330.162,331.335,331.905,332.102,332.415,332.922,333.075,332.378,330.715,328.538,326.967,327.006,328.219,329.383,329.931,330.095,330.371,330.848,330.991,330.303,328.659,326.502,324.95,325.002,326.216,327.37,327.896,328.026,328.264,328.711,328.845,328.167,326.544,324.409,322.877,322.942,324.158,325.302,325.805,325.901,326.1,326.517,326.642,325.976,324.375,322.264,320.754,320.833,322.051,323.184,323.664,323.726,323.886,324.272,324.389,323.736,322.158,320.073,318.586,318.679,319.9,321.023,321.478,321.505
378.645,379.553,379.96,379.378,377.685,375.44,373.777,373.633,374.687,375.8,376.346,376.558,376.884,377.269,377.147,376.019,373.749,370.904,368.607,367.785,368.132,368.509,368.282,367.698,367.201,366.737,365.772,363.797,360.659,356.939,353.749,351.998,351.409,350.839,349.645,348.094,346.623,345.18,343.269,340.367,336.303,331.676,327.582,324.918,323.431,321.978,319.905,317.502,315.196,312.941,310.27,306.654,301.904,296.627,291.907,288.63,286.562,284.56,281.968,279.083,276.33,273.668,270.655,266.754,261.762,256.285,251.397,247.975,245.793,243.714,241.084,238.195,235.472,232.888,230.01,226.296,221.538,216.325,211.723,208.607,206.747,205.018,202.77,200.281,197.98,195.857,193.478,190.304,186.119,181.489,177.475,174.953,173.682,172.551,170.92,169.046,167.365,165.886,164.168,161.679,158.198,154.261,150.928,149.075,148.449,147.958,146.97,145.722,144.658,143.805,142.719,140.871,138.037,134.726,131.994,130.716,130.631,130.666,130.199,129.448,128.866,128.494,127.891,126.532,124.185,121.336,119.036,118.159,118.44,118.824,118.696,118.263,117.981,117.911,117.612,116.564,114.526,111.964,109.923,109.272,109.747,110.312,110.358,110.083,109.948,110.024,109.884,109.003,107.135,104.727,102.814,102.259,102.807,103.435,103.54,103.317,103.225,103.351,103.276,102.477,100.695,98.362,96.503,95.974,96.526,97.153,97.26,97.033,96.937,97.067,97.016,96.261,94.53,92.242,90.407,89.875,90.407,91.012,91.1,90.856
378.923,380.035,380.598,380.133,378.6,376.619,375.286,375.481,376.909,378.472,379.539,380.347,381.366,382.483,383.053,382.602,381.087,379.128,377.821,378.039,379.483,381.059,382.135,382.951,383.975,385.097,385.677,385.239,383.744,381.81,380.529,380.77,382.231,383.82,384.906,385.73,386.76,387.888,388.477,388.054,386.58,384.671,383.418,383.684,385.162,386.763,387.86,388.692,389.728,390.862,391.461,391.054,389.602,387.72,386.496,386.785,388.281,389.896,391.003,391.844,392.885,394.025,394.634,394.244,392.814,390.961,389.766,390.08,391.594,393.221,394.339,395.187,396.235,397.381,398.0,397.627,396.221,394.396,393.23,393.57,395.1,396.74,397.868,398.725,399.777,400.929,401.559,401.202,399.82,398.025,396.889,397.253,398.801,400.452,401.59,402.454,403.511,404.668,405.308,404.968,403.611,401.845,400.739,401.128,402.691,404.353,405.501,406.371,407.432,408.594,409.243,408.92,407.587,405.85,404.774,405.187,406.766,408.437,409.593,410.469,411.533,412.698,413.356,413.05,411.741,410.033,408.987,409.422,411.015,412.696,413.858,414.739,415.805,416.972,417.638,417.347,416.061,414.383,413.365,413.823,415.428,417.116,418.284,419.167,420.234,421.402,422.074,421.798,420.536,418.885,417.895,418.374,419.99,421.684,422.855,423.741,424.806,425.973,426.651,426.388,425.148,423.525,422.562,423.059,424.684,426.382,427.556,428.441,429.503,430.668,431.349,431.099,429.88,428.283,427.345,427.859,429.492,431.191,432.365,433.248
378.786,379.774,380.265,379.752,378.174,376.216,374.931,375.055,376.318,377.785,378.859,379.663,380.588,381.581,382.079,381.579,380.023,378.09,376.825,376.956,378.212,379.668,380.732,381.523,382.43,383.401,383.88,383.37,381.815,379.891,378.632,378.757,379.997,381.434,382.48,383.253,384.137,385.081,385.538,385.015,383.461,381.543,380.288,380.405,381.626,383.04,384.065,384.817,385.675,386.589,387.021,386.484,384.927,383.015,381.762,381.868,383.066,384.455,385.456,386.185,387.013,387.896,388.3,387.747,386.187,384.28,383.027,383.12,384.293,385.653,386.629,387.331,388.129,388.978,389.353,388.783,387.22,385.316,384.062,384.141,385.287,386.617,387.565,388.24,389.006,389.819,390.164,389.577,388.009,386.109,384.855,384.919,386.037,387.335,388.254,388.901,389.634,390.41,390.725,390.121,388.55,386.654,385.399,385.447,386.536,387.802,388.692,389.31,390.01,390.75,391.035,390.413,388.84,386.95,385.696,385.728,386.788,388.022,388.882,389.472,390.138,390.843,391.098,390.461,388.887,387.004,385.751,385.768,386.799,388.001,388.833,389.395,390.029,390.698,390.926,390.275,388.701,386.827,385.578,385.581,386.584,387.755,388.559,389.094,389.697,390.332,390.533,389.869,388.299,386.436,385.191,385.182,386.158,387.298,388.076,388.585,389.158,389.761,389.937,389.262,387.698,385.848,384.61,384.591,385.54,386.651,387.403,387.888,388.433,389.005,389.158,388.475,386.918,385.084,383.855,383.826,384.751,385.834,386.561,387.024
378.542,379.468,379.99,379.523,377.951,376.0,374.74,374.855,376.078,377.535,378.621,379.385,380.221,381.18,381.748,381.345,379.851,377.976,376.771,376.912,378.138,379.592,380.675,381.435,382.262,383.209,383.776,383.392,381.935,380.1,378.92,379.063,380.274,381.71,382.783,383.535,384.349,385.283,385.849,385.485,384.067,382.273,381.12,381.263,382.455,383.871,384.932,385.675,386.477,387.398,387.963,387.619,386.241,384.491,383.365,383.507,384.678,386.072,387.119,387.852,388.641,389.549,390.113,389.79,388.454,386.75,385.65,385.789,386.937,388.306,389.338,390.06,390.836,391.73,392.293,391.992,390.7,389.042,387.97,388.105,389.226,390.568,391.582,392.294,393.056,393.936,394.498,394.219,392.971,391.361,390.316,390.447,391.54,392.851,393.847,394.547,395.295,396.161,396.721,396.465,395.262,393.7,392.684,392.807,393.87,395.149,396.124,396.812,397.546,398.397,398.955,398.722,397.565,396.052,395.063,395.18,396.21,397.455,398.408,399.082,399.802,400.638,401.194,400.982,399.872,398.409,397.448,397.556,398.552,399.761,400.69,401.35,402.055,402.876,403.428,403.239,402.175,400.763,399.83,399.928,400.888,402.059,402.963,403.609,404.299,405.103,405.652,405.484,404.466,403.105,402.199,402.288,403.21,404.341,405.22,405.85,406.524,407.312,407.856,407.709,406.738,405.427,404.549,404.627,405.51,406.6,407.452,408.066,408.724,409.495,410.034,409.907,408.981,407.721,406.871,406.937,407.781,408.829,409.652,410.25
378.638,379.597,380.052,379.502,377.903,375.716,374.08,374.066,375.262,376.475,377.179,377.554,378.038,378.667,378.808,377.954,376.047,373.553,371.608,371.279,372.164,373.072,373.472,373.552,373.752,374.119,374.04,373.003,370.938,368.306,366.242,365.808,366.606,367.448,367.798,367.844,368.026,368.406,368.381,367.434,365.482,362.975,361.043,360.745,361.682,362.668,363.165,363.353,363.677,364.212,364.362,363.609,361.855,359.536,357.781,357.644,358.726,359.845,360.465,360.755,361.17,361.796,362.051,361.412,359.769,357.545,355.867,355.787,356.907,358.053,358.686,358.973,359.374,359.99,360.252,359.636,358.015,355.803,354.123,354.023,355.111,356.219,356.804,357.034,357.372,357.935,358.168,357.542,355.916,353.695,351.992,351.854,352.895,353.951,354.481,354.647,354.919,355.427,355.633,355.002,353.378,351.151,349.432,349.261,350.259,351.27,351.749,351.859,352.071,352.533,352.719,352.093,350.479,348.256,346.527,346.328,347.287,348.257,348.69,348.746,348.903,349.323,349.495,348.878,347.28,345.066,343.33,343.105,344.026,344.955,345.342,345.346,345.45,345.829,345.991,345.387,343.808,341.605,339.863,339.612,340.495,341.381,341.723,341.675,341.726,342.066,342.219,341.631,340.074,337.884,336.138,335.86,336.703,337.547,337.842,337.743,337.741,338.043,338.189,337.619,336.088,333.914,332.164,331.858,332.66,333.461,333.709,333.558,333.504,333.77,333.911,333.362,331.859,329.702,327.95,327.617,328.376,329.132,329.334,329.131
378.535,379.429,379.744,379.01,377.184,374.824,373.056,372.855,373.889,374.974,375.491,375.716,376.124,376.623,376.577,375.516,373.391,370.774,368.788,368.405,369.293,370.262,370.693,370.861,371.242,371.747,371.739,370.746,368.713,366.204,364.341,364.089,365.107,366.201,366.75,367.026,367.507,368.108,368.196,367.296,365.353,362.927,361.139,360.954,362.023,363.152,363.721,364.003,364.479,365.071,365.153,364.249,362.304,359.873,358.08,357.885,358.937,360.039,360.571,360.809,361.237,361.783,361.826,360.893,358.921,356.468,354.655,354.439,355.464,356.531,357.021,357.212,357.589,358.087,358.093,357.132,355.138,352.667,350.838,350.605,351.608,352.646,353.099,353.246,353.579,354.035,354.01,353.028,351.019,348.537,346.7,346.457,347.445,348.459,348.881,348.992,349.286,349.707,349.658,348.662,346.646,344.161,342.323,342.078,343.057,344.056,344.453,344.535,344.795,345.188,345.122,344.12,342.105,339.625,337.794,337.554,338.532,339.521,339.901,339.958,340.193,340.564,340.487,339.487,337.48,335.013,333.197,332.969,333.952,334.937,335.306,335.346,335.56,335.916,335.835,334.843,332.852,330.405,328.611,328.401,329.395,330.383,330.746,330.773,330.972,331.317,331.238,330.26,328.293,325.872,324.105,323.92,324.929,325.924,326.286,326.305,326.494,326.833,326.761,325.802,323.862,321.473,319.739,319.583,320.613,321.619,321.983,321.998,322.178,322.516,322.454,321.519,319.611,317.258,315.56,315.437,316.491,317.511,317.88,317.892
378.851,379.957,380.522,380.081,378.571,376.568,375.2,375.411,376.886,378.454,379.475,380.234,381.222,382.322,382.891,382.462,380.968,378.984,377.637,377.871,379.361,380.938,381.962,382.717,383.7,384.799,385.374,384.958,383.482,381.518,380.193,380.447,381.953,383.538,384.562,385.314,386.29,387.386,387.967,387.564,386.105,384.161,382.857,383.132,384.652,386.243,387.268,388.013,388.982,390.073,390.658,390.268,388.826,386.902,385.62,385.914,387.446,389.043,390.065,390.803,391.761,392.847,393.434,393.056,391.631,389.725,388.464,388.776,390.32,391.919,392.937,393.665,394.611,395.688,396.277,395.909,394.5,392.613,391.371,391.699,393.253,394.853,395.864,396.579,397.51,398.577,399.165,398.806,397.412,395.542,394.318,394.661,396.221,397.82,398.82,399.52,400.434,401.487,402.073,401.721,400.34,398.486,397.278,397.633,399.198,400.792,401.78,402.461,403.354,404.391,404.971,404.625,403.255,401.415,400.221,400.587,402.153,403.739,404.712,405.371,406.239,407.257,407.829,407.486,406.125,404.298,403.116,403.49,405.054,406.63,407.582,408.216,409.057,410.051,410.613,410.27,408.917,407.1,405.928,406.306,407.866,409.427,410.357,410.961,411.77,412.739,413.286,412.941,411.594,409.785,408.621,409.0,410.552,412.095,412.998,413.569,414.343,415.282,415.813,415.463,414.119,412.316,411.156,411.535,413.075,414.597,415.47,416.003,416.738,417.644,418.155,417.798,416.454,414.655,413.497,413.871,415.398,416.894,417.732,418.226
378.774,379.807,380.317,379.787,378.151,376.081,374.689,374.813,376.161,377.653,378.627,379.318,380.216,381.231,381.73,381.197,379.567,377.507,376.129,376.264,377.618,379.107,380.07,380.745,381.623,382.616,383.096,382.548,380.904,378.835,377.447,377.569,378.901,380.36,381.286,381.919,382.752,383.702,384.143,383.562,381.89,379.798,378.388,378.485,379.787,381.208,382.09,382.675,383.459,384.361,384.761,384.145,382.444,380.328,378.897,378.97,380.241,381.625,382.463,383.001,383.737,384.594,384.955,384.307,382.581,380.446,378.998,379.051,380.296,381.646,382.445,382.941,383.634,384.45,384.777,384.103,382.359,380.211,378.754,378.793,380.018,381.341,382.108,382.567,383.223,384.005,384.306,383.614,381.859,379.707,378.247,378.28,379.491,380.794,381.534,381.963,382.588,383.343,383.623,382.92,381.162,379.012,377.556,377.589,378.793,380.08,380.798,381.202,381.801,382.532,382.798,382.088,380.331,378.189,376.742,376.779,377.978,379.253,379.952,380.334,380.908,381.619,381.872,381.158,379.406,377.274,375.838,375.88,377.077,378.34,379.021,379.38,379.931,380.621,380.861,380.145,378.398,376.277,374.852,374.9,376.093,377.344,378.005,378.341,378.867,379.535,379.762,379.042,377.3,375.19,373.775,373.828,375.015,376.252,376.892,377.202,377.701,378.346,378.557,377.832,376.094,373.993,372.588,372.644,373.823,375.043,375.66,375.942,376.411,377.03,377.225,376.492,374.757,372.664,371.268,371.324,372.494,373.695,374.286,374.538
378.729,379.848,380.37,379.813,378.279,376.22,374.74,374.963,376.432,377.927,379.007,379.824,380.794,381.947,382.5,381.97,380.459,378.42,376.961,377.205,378.689,380.194,381.281,382.101,383.073,384.226,384.783,384.259,382.755,380.726,379.282,379.541,381.038,382.551,383.642,384.465,385.437,386.59,387.149,386.632,385.135,383.116,381.686,381.961,383.469,384.989,386.085,386.909,387.882,389.033,389.595,389.083,387.594,385.584,384.168,384.458,385.978,387.504,388.603,389.428,390.4,391.55,392.112,391.606,390.124,388.125,386.722,387.026,388.556,390.088,391.189,392.015,392.984,394.131,394.695,394.193,392.718,390.728,389.339,389.656,391.195,392.732,393.834,394.659,395.625,396.769,397.332,396.835,395.366,393.385,392.009,392.338,393.885,395.426,396.528,397.351,398.313,399.452,400.014,399.52,398.057,396.084,394.72,395.061,396.615,398.158,399.259,400.078,401.035,402.167,402.728,402.236,400.778,398.813,397.46,397.811,399.371,400.915,402.013,402.828,403.778,404.903,405.46,404.97,403.516,401.558,400.215,400.576,402.14,403.683,404.778,405.586,406.528,407.644,408.197,407.708,406.257,404.305,402.972,403.34,404.906,406.448,407.538,408.339,409.27,410.376,410.923,410.434,408.985,407.039,405.713,406.089,407.656,409.195,410.277,411.069,411.99,413.084,413.624,413.133,411.685,409.744,408.426,408.806,410.374,411.907,412.982,413.763,414.671,415.752,416.283,415.79,414.342,412.404,411.093,411.477,413.043,414.57,415.635,416.404
378.781,379.927,380.638,380.376,378.966,376.969,375.586,375.772,377.182,378.722,379.815,380.663,381.716,382.938,383.725,383.521,382.145,380.172,378.815,379.017,380.439,382.009,383.159,384.084,385.22,386.526,387.387,387.233,385.878,383.921,382.58,382.787,384.21,385.807,387.019,388.028,389.253,390.642,391.567,391.446,390.096,388.138,386.796,386.991,388.4,390.012,391.283,392.377,393.689,395.15,396.123,396.012,394.644,392.665,391.304,391.462,392.836,394.447,395.767,396.94,398.33,399.847,400.843,400.718,399.308,397.287,395.883,395.98,397.293,398.884,400.239,401.478,402.93,404.482,405.474,405.307,403.832,401.749,400.281,400.293,401.52,403.068,404.438,405.726,407.221,408.783,409.745,409.511,407.95,405.788,404.237,404.141,405.257,406.739,408.105,409.422,410.937,412.483,413.389,413.065,411.403,409.151,407.503,407.278,408.262,409.655,410.995,412.32,413.832,415.336,416.161,415.729,413.958,411.608,409.854,409.488,410.321,411.605,412.897,414.207,415.691,417.13,417.853,417.302,415.417,412.971,411.108,410.591,411.259,412.417,413.64,414.914,416.347,417.696,418.301,417.625,415.63,413.094,411.124,410.453,410.948,411.965,413.101,414.317,415.677,416.919,417.394,416.592,414.495,411.88,409.814,408.992,409.309,410.175,411.208,412.345,413.614,414.731,415.07,414.146,411.962,409.286,407.136,406.171,406.312,407.02,407.937,408.98,410.14,411.121,411.321,410.285,408.033,405.316,403.1,402.004,401.975,402.524,403.313,404.249
378.539,379.457,379.892,379.347,377.725,375.65,374.229,374.315,375.619,377.062,377.995,378.633,379.441,380.357,380.807,380.294,378.715,376.688,375.312,375.435,376.764,378.225,379.17,379.812,380.617,381.532,381.992,381.502,379.954,377.962,376.618,376.762,378.1,379.563,380.506,381.137,381.925,382.826,383.284,382.806,381.281,379.316,377.995,378.152,379.49,380.947,381.879,382.493,383.258,384.139,384.592,384.123,382.618,380.677,379.378,379.545,380.88,382.328,383.246,383.839,384.578,385.438,385.882,385.422,383.937,382.021,380.743,380.918,382.248,383.684,384.587,385.158,385.869,386.705,387.141,386.689,385.225,383.334,382.077,382.259,383.584,385.006,385.891,386.439,387.121,387.932,388.359,387.915,386.473,384.609,383.373,383.562,384.879,386.286,387.153,387.675,388.328,389.113,389.531,389.096,387.676,385.839,384.625,384.821,386.128,387.519,388.366,388.862,389.484,390.244,390.652,390.226,388.83,387.021,385.829,386.03,387.328,388.701,389.526,389.996,390.587,391.32,391.718,391.302,389.93,388.151,386.981,387.187,388.473,389.828,390.631,391.074,391.631,392.338,392.726,392.32,390.973,389.224,388.077,388.288,389.562,390.897,391.676,392.09,392.615,393.294,393.673,393.277,391.957,390.239,389.115,389.33,390.59,391.903,392.658,393.044,393.536,394.186,394.556,394.171,392.877,391.191,390.09,390.309,391.554,392.845,393.575,393.931,394.389,395.012,395.371,394.997,393.731,392.078,391.001,391.223,392.452,393.718,394.423,394.748
378.388,379.152,379.385,378.587,376.616,374.048,372.002,371.379,371.891,372.399,372.228,371.631,371.065,370.451,369.261,366.986,363.467,359.322,355.662,353.379,352.238,351.101,349.291,347.109,345.011,342.929,340.395,336.893,332.255,327.129,322.616,319.604,317.885,316.318,314.227,311.917,309.839,307.937,305.743,302.736,298.736,294.359,290.696,288.631,287.921,287.432,286.486,285.344,284.459,283.791,282.842,281.092,278.355,275.2,272.718,271.794,272.157,272.685,272.711,272.465,272.412,272.534,272.324,271.271,269.189,266.622,264.666,264.209,264.974,265.856,266.196,266.215,266.388,266.713,266.697,265.83,263.92,261.499,259.661,259.292,260.118,261.047,261.422,261.46,261.641,261.977,261.986,261.158,259.291,256.908,255.092,254.728,255.545,256.46,256.819,256.835,256.989,257.306,257.318,256.512,254.675,252.317,250.515,250.147,250.947,251.843,252.181,252.172,252.297,252.596,252.611,251.828,250.023,247.693,245.905,245.532,246.314,247.19,247.509,247.475,247.573,247.855,247.875,247.118,245.348,243.048,241.276,240.898,241.663,242.519,242.818,242.761,242.834,243.1,243.128,242.4,240.666,238.399,236.644,236.262,237.008,237.843,238.123,238.045,238.093,238.346,238.384,237.686,235.993,233.76,232.022,231.636,232.363,233.178,233.439,233.339,233.364,233.606,233.655,232.99,231.339,229.142,227.423,227.033,227.74,228.533,228.775,228.655,228.659,228.89,228.953,228.323,226.715,224.556,222.857,222.461,223.148,223.919,224.142,224.002
378.547,379.459,379.875,379.271,377.558,375.406,373.92,373.911,375.095,376.422,377.237,377.745,378.416,379.199,379.508,378.82,377.044,374.85,373.336,373.306,374.475,375.794,376.609,377.121,377.805,378.613,378.965,378.338,376.641,374.535,373.111,373.168,374.416,375.806,376.687,377.258,377.995,378.858,379.272,378.716,377.098,375.072,373.724,373.847,375.145,376.574,377.485,378.077,378.828,379.704,380.138,379.614,378.035,376.052,374.743,374.894,376.208,377.643,378.552,379.134,379.87,380.734,381.167,380.653,379.096,377.14,375.855,376.021,377.337,378.765,379.662,380.225,380.938,381.782,382.206,381.699,380.16,378.227,376.964,377.142,378.457,379.876,380.756,381.297,381.985,382.807,383.222,382.721,381.201,379.293,378.051,378.24,379.553,380.961,381.825,382.343,383.003,383.803,384.209,383.714,382.213,380.331,379.112,379.312,380.623,382.019,382.864,383.358,383.992,384.768,385.164,384.676,383.196,381.341,380.146,380.357,381.665,383.048,383.874,384.344,384.948,385.701,386.088,385.607,384.149,382.322,381.151,381.373,382.677,384.047,384.853,385.297,385.873,386.601,386.978,386.506,385.07,383.272,382.126,382.36,383.66,385.016,385.801,386.218,386.763,387.467,387.834,387.371,385.959,384.191,383.071,383.316,384.611,385.952,386.715,387.105,387.62,388.298,388.656,388.201,386.815,385.078,383.984,384.241,385.53,386.855,387.595,387.957,388.441,389.093,389.442,388.997,387.636,385.932,384.865,385.133,386.416,387.724,388.441,388.774
378.323,379.159,379.415,378.586,376.746,374.295,372.361,372.126,373.087,373.997,374.452,374.565,374.74,375.099,374.912,373.671,371.439,368.627,366.362,365.822,366.509,367.166,367.386,367.287,367.273,367.469,367.158,365.826,363.526,360.665,358.371,357.816,358.496,359.152,359.37,359.27,359.255,359.458,359.173,357.882,355.63,352.82,350.583,350.088,350.827,351.538,351.807,351.752,351.78,352.035,351.819,350.614,348.458,345.748,343.618,343.236,344.086,344.906,345.279,345.321,345.444,345.802,345.703,344.631,342.613,340.041,338.05,337.807,338.787,339.729,340.214,340.352,340.563,341.01,341.01,340.045,338.135,335.666,333.774,333.624,334.686,335.698,336.237,336.415,336.655,337.131,337.17,336.254,334.394,331.97,330.122,330.011,331.102,332.131,332.676,332.846,333.07,333.532,333.572,332.67,330.827,328.419,326.586,326.486,327.582,328.608,329.138,329.281,329.472,329.906,329.933,329.034,327.199,324.799,322.976,322.882,323.977,324.994,325.504,325.617,325.772,326.174,326.188,325.292,323.465,321.074,319.261,319.173,320.267,321.276,321.767,321.85,321.969,322.341,322.342,321.451,319.634,317.255,315.454,315.374,316.47,317.472,317.945,317.998,318.082,318.424,318.415,317.53,315.727,313.363,311.576,311.506,312.605,313.602,314.057,314.082,314.131,314.445,314.427,313.551,311.765,309.417,307.647,307.59,308.692,309.685,310.124,310.121,310.137,310.424,310.398,309.533,307.765,305.438,303.687,303.643,304.751,305.74,306.165,306.134
