3042.0,3073.0,3103.0,3134.0,3165.0,3195.0,3226.0,3256.0,3287.0,3318.0,3346.0,3377.0,3407.0,3438.0,3468.0,3499.0,3530.0,3560.0,3591.0,3621.0,3652.0,3683.0,3711.0,3742.0,3772.0,3803.0,3833.0,3864.0,3895.0,3925.0,3956.0,3986.0,4017.0,4048.0,4077.0,4108.0,4138.0,4169.0,4199.0,4230.0,4261.0,4291.0,4322.0,4352.0
0.119,0.122,0.124,0.126,0.127,0.127,0.127,0.127,0.127,0.127,0.127,0.127,0.131,0.136,0.139,0.142,0.143,0.143,0.143,0.143,0.143,0.143,0.143,0.144,0.148,0.155,0.159,0.162,0.164,0.164,0.165,0.165,0.165,0.165,0.165,0.165,0.171,0.179,0.185,0.188,0.19,0.191,0.191,0.191
0.153,0.158,0.161,0.164,0.166,0.167,0.167,0.167,0.167,0.167,0.168,0.168,0.174,0.182,0.187,0.191,0.193,0.195,0.196,0.196,0.196,0.196,0.196,0.196,0.204,0.215,0.222,0.227,0.23,0.232,0.233,0.233,0.233,0.233,0.234,0.233,0.242,0.256,0.265,0.271,0.275,0.277,0.278,0.278
0.09,0.095,0.096,0.097,0.097,0.097,0.097,0.097,0.096,0.096,0.096,0.097,0.11,0.119,0.122,0.123,0.123,0.123,0.123,0.122,0.121,0.121,0.121,0.122,0.139,0.152,0.156,0.159,0.159,0.159,0.159,0.157,0.155,0.154,0.154,0.156,0.176,0.194,0.199,0.202,0.202,0.202,0.202,0.199
0.121,0.127,0.13,0.132,0.134,0.136,0.137,0.137,0.137,0.137,0.137,0.138,0.148,0.158,0.162,0.167,0.17,0.173,0.174,0.174,0.174,0.174,0.174,0.174,0.188,0.202,0.209,0.215,0.219,0.223,0.225,0.225,0.224,0.224,0.224,0.225,0.241,0.259,0.268,0.275,0.28,0.284,0.287,0.287
0.098,0.105,0.107,0.108,0.109,0.109,0.109,0.109,0.109,0.108,0.108,0.109,0.122,0.133,0.137,0.14,0.141,0.141,0.141,0.14,0.139,0.139,0.139,0.14,0.157,0.173,0.179,0.183,0.184,0.185,0.185,0.183,0.182,0.181,0.181,0.183,0.203,0.224,0.232,0.236,0.238,0.239,0.239,0.237
0.096,0.101,0.103,0.104,0.104,0.104,0.104,0.103,0.103,0.102,0.102,0.103,0.117,0.128,0.131,0.132,0.132,0.132,0.132,0.13,0.129,0.129,0.128,0.13,0.148,0.164,0.169,0.17,0.171,0.17,0.17,0.168,0.166,0.165,0.164,0.166,0.189,0.209,0.215,0.218,0.218,0.218,0.217,0.214
0.081,0.085,0.086,0.086,0.087,0.087,0.087,0.087,0.087,0.087,0.087,0.088,0.096,0.102,0.103,0.105,0.105,0.106,0.106,0.105,0.105,0.104,0.104,0.106,0.117,0.126,0.128,0.13,0.131,0.131,0.131,0.13,0.13,0.129,0.129,0.131,0.144,0.155,0.159,0.161,0.162,0.163,0.162,0.161
0.135,0.141,0.144,0.145,0.147,0.148,0.149,0.15,0.15,0.15,0.15,0.153,0.168,0.18,0.184,0.187,0.189,0.191,0.192,0.193,0.193,0.193,0.193,0.197,0.217,0.236,0.243,0.247,0.249,0.251,0.252,0.253,0.253,0.253,0.253,0.258,0.283,0.306,0.315,0.32,0.323,0.325,0.326,0.327
0.112,0.118,0.121,0.123,0.125,0.126,0.126,0.126,0.126,0.126,0.126,0.126,0.14,0.152,0.157,0.161,0.163,0.165,0.165,0.165,0.165,0.164,0.164,0.165,0.183,0.201,0.208,0.213,0.216,0.218,0.22,0.219,0.219,0.218,0.218,0.22,0.241,0.263,0.272,0.278,0.282,0.285,0.286,0.286
0.112,0.12,0.122,0.125,0.127,0.128,0.129,0.129,0.129,0.129,0.129,0.129,0.143,0.156,0.162,0.166,0.169,0.171,0.172,0.172,0.172,0.172,0.172,0.173,0.19,0.209,0.217,0.222,0.226,0.228,0.23,0.23,0.23,0.23,0.231,0.232,0.251,0.274,0.283,0.29,0.294,0.297,0.298,0.298
0.098,0.102,0.104,0.105,0.106,0.107,0.107,0.107,0.107,0.107,0.107,0.107,0.116,0.122,0.125,0.127,0.128,0.129,0.129,0.129,0.129,0.128,0.129,0.129,0.14,0.15,0.154,0.157,0.158,0.16,0.16,0.159,0.158,0.158,0.158,0.159,0.172,0.185,0.19,0.194,0.196,0.197,0.197,0.196
0.103,0.109,0.111,0.114,0.115,0.116,0.117,0.117,0.117,0.116,0.117,0.117,0.126,0.135,0.14,0.144,0.146,0.148,0.149,0.148,0.148,0.148,0.148,0.148,0.159,0.173,0.18,0.185,0.189,0.191,0.192,0.191,0.19,0.19,0.19,0.191,0.205,0.222,0.231,0.237,0.241,0.244,0.245,0.244
0.153,0.156,0.158,0.16,0.162,0.164,0.165,0.165,0.166,0.166,0.166,0.166,0.171,0.176,0.18,0.183,0.186,0.188,0.19,0.19,0.191,0.191,0.191,0.191,0.197,0.205,0.21,0.214,0.218,0.221,0.223,0.223,0.224,0.224,0.224,0.224,0.231,0.241,0.247,0.252,0.257,0.26,0.263,0.263
0.123,0.126,0.127,0.128,0.129,0.129,0.13,0.13,0.13,0.13,0.13,0.131,0.136,0.141,0.142,0.144,0.145,0.145,0.146,0.146,0.147,0.147,0.147,0.148,0.155,0.161,0.163,0.165,0.166,0.167,0.168,0.168,0.169,0.168,0.168,0.17,0.178,0.186,0.189,0.192,0.193,0.194,0.195,0.195
0.116,0.12,0.123,0.125,0.128,0.129,0.13,0.13,0.13,0.13,0.13,0.13,0.136,0.143,0.148,0.152,0.155,0.157,0.158,0.158,0.158,0.158,0.158,0.158,0.165,0.176,0.182,0.188,0.192,0.194,0.196,0.195,0.195,0.195,0.196,0.196,0.204,0.217,0.225,0.232,0.236,0.239,0.241,0.24
0.1,0.104,0.106,0.107,0.107,0.107,0.107,0.107,0.107,0.107,0.107,0.107,0.114,0.12,0.123,0.124,0.125,0.125,0.125,0.125,0.125,0.125,0.125,0.125,0.134,0.143,0.146,0.148,0.149,0.149,0.149,0.148,0.149,0.148,0.148,0.149,0.16,0.171,0.175,0.178,0.178,0.179,0.178,0.178
0.099,0.103,0.104,0.106,0.107,0.108,0.108,0.108,0.108,0.108,0.108,0.108,0.114,0.119,0.122,0.124,0.126,0.127,0.127,0.127,0.127,0.127,0.127,0.127,0.134,0.142,0.146,0.15,0.152,0.153,0.153,0.153,0.153,0.153,0.153,0.153,0.162,0.172,0.177,0.181,0.183,0.185,0.185,0.185
0.122,0.126,0.128,0.13,0.131,0.131,0.131,0.131,0.131,0.131,0.131,0.131,0.135,0.14,0.144,0.146,0.148,0.148,0.149,0.149,0.149,0.149,0.149,0.149,0.154,0.161,0.165,0.169,0.171,0.171,0.172,0.172,0.172,0.172,0.172,0.172,0.178,0.187,0.193,0.197,0.199,0.2,0.2,0.201
0.091,0.095,0.095,0.096,0.097,0.097,0.097,0.097,0.097,0.097,0.097,0.098,0.108,0.115,0.116,0.118,0.118,0.119,0.119,0.119,0.118,0.118,0.117,0.119,0.133,0.143,0.145,0.147,0.148,0.148,0.148,0.148,0.147,0.146,0.146,0.148,0.165,0.177,0.181,0.183,0.184,0.184,0.185,0.183
0.136,0.14,0.142,0.145,0.147,0.149,0.15,0.15,0.151,0.151,0.151,0.151,0.16,0.168,0.172,0.175,0.178,0.181,0.183,0.184,0.184,0.183,0.183,0.184,0.195,0.207,0.213,0.218,0.222,0.226,0.228,0.228,0.228,0.228,0.228,0.229,0.242,0.258,0.265,0.271,0.276,0.28,0.283,0.284
0.118,0.122,0.124,0.125,0.127,0.128,0.128,0.128,0.129,0.128,0.128,0.129,0.137,0.145,0.148,0.15,0.152,0.154,0.155,0.155,0.155,0.154,0.154,0.155,0.166,0.177,0.181,0.185,0.187,0.189,0.19,0.19,0.19,0.189,0.189,0.19,0.203,0.217,0.223,0.227,0.23,0.232,0.233,0.233
0.1,0.102,0.103,0.104,0.104,0.104,0.105,0.105,0.104,0.104,0.104,0.104,0.108,0.111,0.113,0.114,0.115,0.115,0.115,0.115,0.115,0.115,0.115,0.115,0.12,0.124,0.126,0.128,0.129,0.129,0.13,0.13,0.129,0.129,0.129,0.13,0.135,0.141,0.143,0.145,0.146,0.147,0.147,0.147
0.113,0.117,0.117,0.118,0.119,0.119,0.12,0.12,0.12,0.12,0.12,0.121,0.131,0.136,0.138,0.139,0.14,0.141,0.141,0.141,0.142,0.141,0.141,0.143,0.155,0.164,0.166,0.168,0.169,0.17,0.17,0.17,0.17,0.169,0.169,0.171,0.187,0.198,0.201,0.203,0.205,0.205,0.206,0.206
0.116,0.123,0.125,0.125,0.125,0.125,0.125,0.125,0.125,0.125,0.125,0.125,0.136,0.147,0.15,0.15,0.15,0.15,0.15,0.15,0.149,0.149,0.149,0.15,0.164,0.179,0.183,0.184,0.184,0.184,0.184,0.183,0.182,0.182,0.181,0.183,0.2,0.219,0.225,0.226,0.226,0.226,0.225,0.223
0.104,0.108,0.109,0.11,0.111,0.112,0.112,0.113,0.113,0.113,0.113,0.114,0.122,0.129,0.132,0.134,0.135,0.136,0.137,0.137,0.137,0.136,0.136,0.138,0.149,0.159,0.163,0.166,0.167,0.169,0.17,0.169,0.169,0.168,0.168,0.17,0.184,0.197,0.202,0.206,0.208,0.209,0.21,0.209
0.104,0.109,0.111,0.113,0.114,0.115,0.116,0.116,0.116,0.116,0.116,0.116,0.126,0.135,0.138,0.141,0.143,0.145,0.146,0.146,0.146,0.145,0.145,0.146,0.159,0.172,0.177,0.181,0.184,0.186,0.187,0.187,0.186,0.186,0.186,0.187,0.203,0.219,0.226,0.231,0.234,0.237,0.238,0.238
0.119,0.123,0.126,0.128,0.13,0.131,0.132,0.132,0.132,0.132,0.132,0.132,0.139,0.148,0.152,0.156,0.158,0.16,0.16,0.16,0.16,0.16,0.16,0.16,0.17,0.182,0.188,0.193,0.196,0.198,0.199,0.198,0.198,0.197,0.198,0.198,0.21,0.224,0.232,0.238,0.242,0.245,0.245,0.244
0.097,0.098,0.099,0.099,0.1,0.1,0.1,0.1,0.1,0.1,0.1,0.1,0.103,0.106,0.106,0.107,0.107,0.108,0.108,0.108,0.108,0.108,0.108,0.108,0.112,0.115,0.116,0.117,0.117,0.118,0.118,0.118,0.118,0.118,0.118,0.118,0.123,0.126,0.127,0.128,0.129,0.13,0.13,0.13
0.093,0.098,0.1,0.102,0.103,0.103,0.103,0.103,0.103,0.103,0.103,0.103,0.112,0.121,0.124,0.127,0.129,0.129,0.13,0.129,0.128,0.128,0.128,0.129,0.14,0.153,0.158,0.162,0.164,0.165,0.165,0.164,0.163,0.162,0.162,0.163,0.178,0.194,0.201,0.205,0.207,0.209,0.208,0.206
0.096,0.098,0.099,0.1,0.101,0.102,0.102,0.102,0.102,0.102,0.102,0.102,0.107,0.11,0.112,0.114,0.115,0.116,0.117,0.117,0.117,0.117,0.117,0.117,0.122,0.128,0.13,0.133,0.134,0.136,0.136,0.136,0.137,0.136,0.136,0.136,0.143,0.15,0.154,0.157,0.159,0.16,0.161,0.161
0.098,0.104,0.107,0.109,0.109,0.11,0.11,0.109,0.109,0.109,0.109,0.11,0.122,0.134,0.138,0.141,0.142,0.142,0.142,0.141,0.141,0.14,0.14,0.142,0.158,0.174,0.181,0.184,0.186,0.187,0.187,0.186,0.185,0.184,0.184,0.186,0.205,0.226,0.234,0.238,0.24,0.241,0.241,0.24
0.086,0.092,0.093,0.095,0.096,0.096,0.097,0.097,0.097,0.097,0.097,0.098,0.116,0.127,0.13,0.132,0.134,0.135,0.136,0.136,0.136,0.135,0.135,0.137,0.161,0.179,0.183,0.187,0.189,0.191,0.191,0.192,0.192,0.191,0.191,0.193,0.223,0.246,0.253,0.257,0.26,0.262,0.262,0.262
0.086,0.09,0.092,0.093,0.094,0.094,0.094,0.094,0.094,0.094,0.094,0.094,0.101,0.108,0.111,0.113,0.114,0.114,0.114,0.114,0.113,0.113,0.113,0.114,0.123,0.133,0.137,0.14,0.141,0.141,0.141,0.14,0.139,0.139,0.139,0.14,0.151,0.163,0.169,0.173,0.174,0.174,0.174,0.172
0.11,0.113,0.114,0.115,0.116,0.116,0.117,0.117,0.117,0.117,0.117,0.118,0.126,0.132,0.133,0.134,0.135,0.136,0.137,0.137,0.137,0.137,0.137,0.138,0.149,0.157,0.159,0.161,0.162,0.163,0.164,0.164,0.164,0.163,0.163,0.165,0.179,0.189,0.192,0.194,0.195,0.196,0.197,0.197
0.1,0.104,0.106,0.107,0.107,0.107,0.107,0.107,0.107,0.107,0.107,0.108,0.115,0.122,0.124,0.126,0.127,0.127,0.127,0.127,0.127,0.126,0.126,0.127,0.136,0.146,0.15,0.153,0.154,0.154,0.153,0.153,0.153,0.152,0.152,0.153,0.165,0.177,0.182,0.185,0.186,0.187,0.186,0.185
0.088,0.091,0.092,0.093,0.094,0.094,0.095,0.095,0.095,0.095,0.095,0.096,0.105,0.112,0.114,0.115,0.116,0.117,0.117,0.117,0.117,0.117,0.117,0.119,0.131,0.14,0.143,0.145,0.147,0.147,0.148,0.148,0.147,0.147,0.147,0.149,0.165,0.177,0.181,0.183,0.184,0.186,0.186,0.186
0.089,0.092,0.093,0.094,0.094,0.094,0.095,0.095,0.095,0.095,0.095,0.097,0.113,0.12,0.121,0.122,0.123,0.123,0.124,0.124,0.124,0.124,0.124,0.127,0.149,0.161,0.163,0.164,0.164,0.165,0.165,0.165,0.166,0.165,0.165,0.169,0.197,0.213,0.215,0.216,0.217,0.217,0.217,0.217
0.114,0.118,0.12,0.122,0.123,0.123,0.124,0.124,0.124,0.124,0.124,0.124,0.129,0.135,0.138,0.141,0.142,0.143,0.143,0.143,0.144,0.143,0.144,0.144,0.151,0.159,0.164,0.167,0.169,0.17,0.17,0.17,0.17,0.17,0.17,0.17,0.179,0.189,0.195,0.199,0.201,0.202,0.202,0.202
0.095,0.101,0.102,0.103,0.103,0.104,0.104,0.104,0.104,0.104,0.104,0.108,0.129,0.142,0.144,0.146,0.146,0.147,0.147,0.147,0.148,0.147,0.148,0.154,0.183,0.203,0.208,0.21,0.211,0.211,0.211,0.211,0.212,0.211,0.211,0.22,0.257,0.284,0.29,0.293,0.293,0.294,0.294,0.294
0.089,0.094,0.096,0.098,0.099,0.1,0.1,0.1,0.1,0.099,0.099,0.1,0.109,0.118,0.122,0.124,0.126,0.127,0.127,0.127,0.126,0.126,0.126,0.127,0.138,0.151,0.157,0.161,0.163,0.164,0.165,0.164,0.163,0.163,0.163,0.164,0.178,0.193,0.201,0.205,0.208,0.209,0.21,0.209
0.107,0.113,0.116,0.118,0.119,0.119,0.119,0.118,0.118,0.118,0.118,0.119,0.127,0.137,0.141,0.144,0.145,0.146,0.146,0.145,0.144,0.144,0.144,0.145,0.156,0.169,0.176,0.18,0.181,0.182,0.181,0.18,0.179,0.179,0.179,0.179,0.193,0.21,0.218,0.223,0.225,0.225,0.224,0.222
0.077,0.083,0.086,0.087,0.087,0.087,0.087,0.087,0.086,0.086,0.086,0.087,0.098,0.109,0.113,0.115,0.116,0.116,0.116,0.115,0.115,0.115,0.115,0.116,0.131,0.146,0.153,0.155,0.156,0.156,0.156,0.156,0.155,0.155,0.155,0.157,0.174,0.193,0.201,0.205,0.206,0.206,0.206,0.206
0.112,0.115,0.117,0.118,0.118,0.119,0.119,0.119,0.119,0.119,0.119,0.119,0.126,0.132,0.134,0.136,0.136,0.137,0.137,0.137,0.137,0.137,0.137,0.137,0.146,0.154,0.158,0.16,0.161,0.161,0.161,0.161,0.161,0.161,0.161,0.161,0.172,0.183,0.187,0.19,0.191,0.191,0.191,0.191
0.123,0.13,0.133,0.136,0.139,0.141,0.142,0.142,0.142,0.142,0.142,0.142,0.151,0.163,0.169,0.174,0.178,0.181,0.182,0.182,0.182,0.182,0.182,0.183,0.195,0.211,0.22,0.227,0.232,0.235,0.237,0.237,0.237,0.237,0.237,0.238,0.252,0.271,0.283,0.291,0.297,0.301,0.303,0.303
0.133,0.135,0.136,0.137,0.138,0.139,0.14,0.14,0.14,0.14,0.14,0.141,0.145,0.148,0.15,0.152,0.153,0.154,0.155,0.155,0.155,0.155,0.155,0.155,0.161,0.166,0.168,0.17,0.172,0.173,0.174,0.174,0.175,0.175,0.174,0.175,0.181,0.188,0.191,0.194,0.196,0.197,0.198,0.198
0.112,0.116,0.119,0.121,0.122,0.122,0.122,0.122,0.122,0.122,0.122,0.123,0.129,0.136,0.14,0.143,0.144,0.145,0.145,0.145,0.145,0.145,0.145,0.145,0.153,0.163,0.169,0.173,0.175,0.176,0.176,0.175,0.175,0.175,0.175,0.175,0.185,0.198,0.205,0.209,0.212,0.213,0.213,0.212
0.122,0.13,0.134,0.137,0.139,0.14,0.141,0.142,0.143,0.143,0.142,0.144,0.163,0.18,0.188,0.192,0.196,0.198,0.2,0.201,0.201,0.201,0.2,0.203,0.228,0.255,0.266,0.273,0.277,0.28,0.282,0.282,0.282,0.282,0.282,0.285,0.315,0.348,0.363,0.371,0.377,0.38,0.381,0.381
0.137,0.143,0.146,0.15,0.153,0.155,0.156,0.157,0.157,0.157,0.157,0.157,0.168,0.18,0.186,0.192,0.196,0.2,0.202,0.203,0.203,0.202,0.203,0.203,0.217,0.234,0.243,0.251,0.257,0.261,0.265,0.265,0.265,0.265,0.265,0.266,0.282,0.303,0.315,0.324,0.331,0.337,0.34,0.341
0.101,0.105,0.106,0.107,0.108,0.109,0.11,0.11,0.11,0.11,0.11,0.111,0.121,0.128,0.13,0.132,0.134,0.135,0.136,0.136,0.136,0.135,0.135,0.136,0.15,0.16,0.164,0.166,0.168,0.17,0.171,0.171,0.17,0.17,0.17,0.171,0.188,0.201,0.206,0.209,0.212,0.214,0.215,0.214
0.095,0.097,0.098,0.099,0.099,0.1,0.1,0.1,0.1,0.1,0.1,0.1,0.104,0.107,0.109,0.11,0.111,0.111,0.111,0.111,0.111,0.111,0.111,0.112,0.116,0.121,0.123,0.125,0.126,0.127,0.127,0.127,0.127,0.127,0.127,0.127,0.133,0.139,0.142,0.144,0.145,0.146,0.146,0.146
0.102,0.108,0.111,0.112,0.112,0.112,0.112,0.111,0.111,0.111,0.111,0.112,0.123,0.133,0.138,0.139,0.14,0.139,0.139,0.138,0.137,0.137,0.137,0.138,0.152,0.168,0.174,0.176,0.176,0.176,0.176,0.174,0.173,0.172,0.172,0.173,0.191,0.21,0.218,0.221,0.221,0.221,0.22,0.217
0.122,0.124,0.126,0.127,0.128,0.129,0.13,0.13,0.13,0.13,0.13,0.13,0.136,0.14,0.143,0.145,0.146,0.147,0.148,0.149,0.149,0.149,0.149,0.149,0.156,0.163,0.166,0.168,0.17,0.172,0.173,0.173,0.173,0.173,0.173,0.173,0.182,0.191,0.195,0.198,0.201,0.203,0.204,0.204
0.085,0.088,0.089,0.09,0.09,0.091,0.091,0.091,0.091,0.091,0.091,0.092,0.1,0.105,0.107,0.109,0.11,0.11,0.11,0.11,0.11,0.109,0.109,0.111,0.122,0.13,0.133,0.135,0.136,0.137,0.137,0.136,0.136,0.135,0.135,0.137,0.151,0.162,0.166,0.168,0.169,0.17,0.17,0.169
0.118,0.125,0.13,0.132,0.133,0.134,0.134,0.133,0.133,0.133,0.133,0.133,0.143,0.156,0.163,0.167,0.169,0.169,0.168,0.167,0.167,0.166,0.166,0.167,0.179,0.198,0.208,0.214,0.216,0.216,0.215,0.213,0.212,0.211,0.212,0.212,0.227,0.25,0.263,0.27,0.272,0.272,0.271,0.269
0.096,0.1,0.101,0.102,0.102,0.102,0.102,0.102,0.102,0.102,0.102,0.102,0.108,0.114,0.116,0.116,0.117,0.117,0.117,0.117,0.117,0.116,0.116,0.117,0.124,0.132,0.135,0.136,0.137,0.136,0.136,0.136,0.136,0.136,0.136,0.137,0.146,0.156,0.159,0.161,0.161,0.161,0.161,0.161
0.096,0.099,0.1,0.101,0.102,0.103,0.103,0.103,0.103,0.103,0.103,0.104,0.115,0.122,0.123,0.125,0.126,0.127,0.128,0.127,0.127,0.126,0.126,0.127,0.143,0.153,0.156,0.158,0.159,0.16,0.161,0.16,0.16,0.159,0.158,0.16,0.179,0.192,0.196,0.199,0.2,0.202,0.202,0.201
0.083,0.087,0.088,0.089,0.089,0.089,0.089,0.089,0.089,0.088,0.088,0.089,0.101,0.108,0.11,0.111,0.112,0.112,0.112,0.111,0.11,0.11,0.11,0.111,0.126,0.137,0.14,0.142,0.143,0.143,0.143,0.141,0.14,0.139,0.139,0.141,0.16,0.174,0.178,0.18,0.181,0.182,0.181,0.179
0.09,0.096,0.098,0.1,0.101,0.102,0.102,0.102,0.102,0.102,0.102,0.102,0.116,0.127,0.131,0.135,0.137,0.138,0.138,0.138,0.138,0.138,0.138,0.139,0.157,0.173,0.18,0.184,0.187,0.188,0.189,0.189,0.189,0.188,0.189,0.19,0.211,0.233,0.241,0.246,0.249,0.251,0.252,0.252
0.103,0.107,0.109,0.11,0.111,0.111,0.111,0.111,0.111,0.111,0.111,0.111,0.119,0.126,0.129,0.131,0.132,0.132,0.133,0.132,0.132,0.132,0.132,0.132,0.142,0.152,0.157,0.16,0.161,0.161,0.161,0.161,0.16,0.16,0.16,0.161,0.173,0.186,0.191,0.195,0.196,0.197,0.197,0.196
0.1,0.104,0.106,0.108,0.11,0.111,0.112,0.112,0.112,0.112,0.112,0.112,0.118,0.125,0.128,0.131,0.134,0.136,0.137,0.137,0.137,0.137,0.137,0.137,0.145,0.154,0.159,0.163,0.166,0.169,0.17,0.17,0.17,0.169,0.17,0.17,0.18,0.191,0.198,0.203,0.207,0.21,0.212,0.211
0.104,0.107,0.109,0.111,0.112,0.113,0.114,0.114,0.114,0.114,0.114,0.114,0.12,0.126,0.128,0.131,0.133,0.134,0.135,0.135,0.135,0.135,0.135,0.136,0.143,0.151,0.155,0.159,0.161,0.163,0.164,0.164,0.164,0.164,0.164,0.164,0.173,0.184,0.189,0.193,0.196,0.198,0.2,0.199
0.095,0.097,0.099,0.1,0.1,0.101,0.101,0.101,0.101,0.101,0.101,0.101,0.108,0.113,0.114,0.116,0.117,0.118,0.118,0.118,0.118,0.118,0.118,0.118,0.127,0.134,0.137,0.139,0.14,0.141,0.141,0.141,0.141,0.141,0.141,0.141,0.152,0.161,0.165,0.167,0.169,0.17,0.17,0.169
0.086,0.09,0.091,0.092,0.092,0.093,0.093,0.092,0.092,0.091,0.091,0.092,0.109,0.118,0.12,0.121,0.122,0.122,0.122,0.121,0.121,0.12,0.12,0.121,0.144,0.158,0.161,0.163,0.163,0.163,0.164,0.163,0.162,0.161,0.161,0.163,0.19,0.208,0.212,0.214,0.215,0.215,0.216,0.215
0.095,0.097,0.098,0.099,0.099,0.099,0.1,0.1,0.1,0.1,0.1,0.101,0.109,0.113,0.115,0.116,0.116,0.117,0.117,0.117,0.117,0.117,0.117,0.119,0.129,0.135,0.137,0.139,0.139,0.14,0.141,0.14,0.14,0.14,0.14,0.142,0.154,0.163,0.166,0.168,0.168,0.169,0.17,0.169
0.078,0.081,0.082,0.083,0.083,0.083,0.084,0.084,0.084,0.084,0.084,0.085,0.094,0.1,0.101,0.102,0.102,0.103,0.103,0.103,0.103,0.103,0.103,0.104,0.117,0.125,0.127,0.128,0.129,0.13,0.13,0.13,0.13,0.129,0.129,0.131,0.147,0.157,0.16,0.162,0.163,0.163,0.164,0.163
0.156,0.159,0.162,0.164,0.165,0.165,0.165,0.165,0.165,0.165,0.165,0.165,0.168,0.173,0.177,0.18,0.181,0.182,0.182,0.182,0.182,0.182,0.182,0.182,0.185,0.192,0.197,0.2,0.202,0.203,0.203,0.203,0.203,0.203,0.203,0.203,0.207,0.215,0.221,0.226,0.228,0.228,0.229,0.229
0.09,0.096,0.097,0.098,0.098,0.099,0.099,0.099,0.099,0.099,0.099,0.101,0.116,0.126,0.128,0.13,0.131,0.131,0.132,0.132,0.132,0.131,0.131,0.134,0.154,0.169,0.173,0.175,0.176,0.177,0.178,0.178,0.178,0.177,0.177,0.181,0.205,0.224,0.23,0.232,0.234,0.234,0.235,0.235
0.094,0.097,0.099,0.1,0.101,0.101,0.102,0.102,0.102,0.102,0.102,0.102,0.108,0.114,0.116,0.118,0.12,0.12,0.121,0.121,0.121,0.12,0.12,0.121,0.129,0.138,0.141,0.143,0.145,0.146,0.146,0.146,0.146,0.145,0.145,0.146,0.157,0.167,0.172,0.175,0.176,0.178,0.178,0.177
0.103,0.11,0.114,0.117,0.118,0.119,0.119,0.119,0.118,0.118,0.118,0.119,0.13,0.142,0.148,0.153,0.155,0.156,0.156,0.156,0.155,0.155,0.155,0.156,0.17,0.188,0.197,0.203,0.206,0.207,0.207,0.206,0.206,0.205,0.206,0.206,0.223,0.246,0.257,0.264,0.268,0.269,0.27,0.269
0.125,0.129,0.132,0.133,0.134,0.134,0.134,0.134,0.134,0.134,0.134,0.134,0.139,0.145,0.149,0.151,0.152,0.152,0.152,0.152,0.152,0.152,0.152,0.153,0.158,0.167,0.171,0.174,0.176,0.176,0.176,0.176,0.176,0.176,0.176,0.177,0.183,0.194,0.199,0.203,0.204,0.205,0.205,0.205
0.11,0.117,0.12,0.123,0.125,0.125,0.126,0.125,0.125,0.125,0.125,0.126,0.137,0.149,0.154,0.158,0.161,0.162,0.162,0.162,0.161,0.161,0.161,0.162,0.176,0.193,0.201,0.207,0.21,0.211,0.212,0.211,0.21,0.21,0.21,0.211,0.228,0.249,0.259,0.266,0.269,0.271,0.272,0.271
0.108,0.113,0.115,0.117,0.118,0.119,0.12,0.12,0.12,0.12,0.12,0.121,0.137,0.148,0.151,0.154,0.156,0.157,0.158,0.158,0.158,0.158,0.158,0.16,0.181,0.198,0.203,0.207,0.209,0.211,0.212,0.212,0.212,0.212,0.211,0.214,0.239,0.261,0.268,0.272,0.275,0.277,0.278,0.278
0.136,0.146,0.151,0.154,0.154,0.154,0.154,0.153,0.153,0.153,0.153,0.154,0.167,0.184,0.192,0.196,0.197,0.197,0.197,0.195,0.194,0.194,0.194,0.195,0.212,0.236,0.248,0.254,0.255,0.255,0.254,0.251,0.25,0.249,0.249,0.25,0.271,0.3,0.316,0.323,0.324,0.324,0.323,0.32
0.112,0.118,0.12,0.122,0.124,0.125,0.126,0.126,0.126,0.126,0.126,0.127,0.142,0.153,0.157,0.161,0.163,0.165,0.166,0.166,0.166,0.166,0.166,0.167,0.186,0.204,0.21,0.215,0.218,0.22,0.221,0.222,0.222,0.221,0.221,0.223,0.246,0.268,0.277,0.282,0.286,0.288,0.29,0.29
0.125,0.129,0.13,0.132,0.134,0.135,0.136,0.136,0.137,0.136,0.136,0.136,0.145,0.152,0.155,0.158,0.161,0.163,0.164,0.164,0.164,0.164,0.164,0.164,0.176,0.186,0.19,0.194,0.197,0.2,0.201,0.201,0.201,0.201,0.201,0.201,0.215,0.229,0.234,0.239,0.243,0.246,0.248,0.247
0.111,0.117,0.119,0.121,0.122,0.124,0.125,0.125,0.125,0.125,0.125,0.126,0.139,0.149,0.153,0.156,0.158,0.16,0.162,0.162,0.162,0.162,0.161,0.163,0.18,0.195,0.201,0.205,0.209,0.211,0.213,0.213,0.213,0.212,0.212,0.215,0.235,0.255,0.263,0.268,0.272,0.275,0.277,0.277
0.103,0.107,0.109,0.11,0.111,0.112,0.112,0.112,0.112,0.112,0.112,0.113,0.12,0.127,0.13,0.133,0.134,0.135,0.135,0.135,0.135,0.135,0.135,0.135,0.145,0.155,0.16,0.163,0.165,0.166,0.167,0.166,0.165,0.165,0.165,0.166,0.178,0.191,0.196,0.2,0.203,0.204,0.205,0.203
0.087,0.09,0.091,0.092,0.093,0.093,0.094,0.094,0.094,0.094,0.094,0.096,0.105,0.112,0.113,0.115,0.116,0.116,0.117,0.117,0.117,0.117,0.117,0.119,0.133,0.142,0.145,0.147,0.148,0.149,0.149,0.149,0.149,0.148,0.148,0.151,0.168,0.181,0.184,0.187,0.188,0.189,0.19,0.189
0.098,0.106,0.107,0.109,0.11,0.111,0.111,0.111,0.111,0.111,0.111,0.113,0.134,0.149,0.153,0.156,0.157,0.158,0.159,0.159,0.159,0.159,0.159,0.161,0.19,0.213,0.22,0.224,0.226,0.227,0.228,0.228,0.228,0.227,0.227,0.231,0.266,0.295,0.304,0.31,0.312,0.314,0.314,0.313
0.095,0.101,0.103,0.105,0.106,0.106,0.106,0.105,0.105,0.105,0.105,0.105,0.116,0.126,0.13,0.133,0.134,0.134,0.134,0.133,0.132,0.132,0.132,0.132,0.146,0.161,0.167,0.17,0.171,0.172,0.171,0.17,0.168,0.168,0.168,0.169,0.185,0.204,0.212,0.216,0.217,0.217,0.216,0.215
0.096,0.102,0.105,0.107,0.108,0.109,0.109,0.109,0.109,0.108,0.108,0.109,0.12,0.132,0.137,0.141,0.142,0.143,0.144,0.143,0.143,0.142,0.142,0.143,0.158,0.174,0.182,0.187,0.189,0.191,0.191,0.19,0.19,0.189,0.19,0.191,0.208,0.228,0.238,0.244,0.247,0.248,0.249,0.248
0.104,0.108,0.11,0.111,0.113,0.114,0.114,0.115,0.115,0.114,0.114,0.115,0.123,0.13,0.133,0.136,0.138,0.139,0.14,0.14,0.14,0.14,0.14,0.141,0.151,0.162,0.166,0.17,0.172,0.174,0.175,0.175,0.175,0.174,0.174,0.175,0.188,0.202,0.208,0.212,0.215,0.217,0.219,0.218
0.114,0.118,0.12,0.121,0.122,0.122,0.122,0.122,0.122,0.121,0.121,0.122,0.127,0.133,0.136,0.138,0.138,0.138,0.138,0.138,0.138,0.138,0.138,0.139,0.145,0.153,0.158,0.16,0.161,0.161,0.161,0.161,0.161,0.161,0.161,0.161,0.169,0.179,0.185,0.187,0.188,0.189,0.189,0.189
0.114,0.121,0.123,0.124,0.124,0.124,0.124,0.124,0.124,0.124,0.124,0.124,0.134,0.144,0.148,0.15,0.15,0.15,0.15,0.149,0.149,0.149,0.149,0.15,0.162,0.177,0.183,0.185,0.185,0.185,0.185,0.184,0.183,0.182,0.182,0.184,0.199,0.217,0.225,0.228,0.228,0.228,0.227,0.225
0.083,0.087,0.088,0.089,0.09,0.091,0.091,0.091,0.091,0.091,0.091,0.092,0.101,0.109,0.111,0.113,0.114,0.115,0.116,0.116,0.115,0.115,0.115,0.117,0.129,0.14,0.144,0.146,0.148,0.149,0.15,0.15,0.149,0.148,0.148,0.15,0.166,0.18,0.185,0.188,0.19,0.192,0.193,0.192
0.11,0.114,0.115,0.117,0.118,0.118,0.119,0.119,0.12,0.12,0.12,0.121,0.13,0.137,0.14,0.142,0.143,0.145,0.145,0.146,0.146,0.145,0.145,0.147,0.159,0.17,0.174,0.177,0.179,0.18,0.181,0.181,0.181,0.18,0.18,0.182,0.198,0.212,0.217,0.22,0.222,0.224,0.225,0.225
0.085,0.089,0.091,0.092,0.092,0.093,0.093,0.092,0.092,0.092,0.092,0.093,0.103,0.111,0.114,0.115,0.116,0.117,0.117,0.116,0.115,0.115,0.115,0.116,0.129,0.141,0.145,0.148,0.149,0.149,0.149,0.148,0.147,0.146,0.146,0.148,0.164,0.179,0.184,0.187,0.189,0.189,0.189,0.188
0.089,0.096,0.098,0.099,0.099,0.1,0.1,0.1,0.1,0.099,0.099,0.101,0.117,0.13,0.134,0.137,0.138,0.138,0.139,0.138,0.138,0.138,0.138,0.14,0.162,0.181,0.188,0.191,0.193,0.194,0.194,0.194,0.194,0.193,0.193,0.197,0.223,0.247,0.256,0.26,0.262,0.263,0.263,0.263
0.095,0.1,0.102,0.104,0.105,0.106,0.106,0.106,0.106,0.106,0.106,0.107,0.122,0.133,0.137,0.139,0.141,0.142,0.143,0.143,0.143,0.142,0.142,0.144,0.164,0.181,0.187,0.19,0.193,0.194,0.195,0.195,0.195,0.194,0.194,0.197,0.222,0.243,0.251,0.255,0.258,0.26,0.261,0.261
0.116,0.124,0.128,0.131,0.132,0.133,0.133,0.133,0.133,0.132,0.133,0.133,0.144,0.158,0.165,0.169,0.172,0.173,0.174,0.173,0.172,0.172,0.172,0.173,0.188,0.207,0.216,0.223,0.227,0.228,0.229,0.228,0.227,0.226,0.226,0.228,0.245,0.269,0.281,0.289,0.294,0.296,0.296,0.295
0.109,0.112,0.114,0.115,0.116,0.117,0.117,0.117,0.117,0.117,0.117,0.117,0.124,0.131,0.134,0.136,0.137,0.138,0.138,0.138,0.138,0.138,0.138,0.138,0.147,0.156,0.16,0.163,0.165,0.166,0.166,0.166,0.166,0.165,0.166,0.166,0.177,0.189,0.194,0.198,0.2,0.201,0.201,0.2
0.112,0.118,0.12,0.123,0.125,0.127,0.128,0.128,0.128,0.128,0.128,0.129,0.139,0.148,0.153,0.157,0.161,0.163,0.165,0.165,0.165,0.165,0.165,0.166,0.178,0.193,0.2,0.206,0.21,0.214,0.216,0.216,0.216,0.216,0.216,0.216,0.232,0.25,0.259,0.266,0.271,0.276,0.278,0.279
0.121,0.127,0.13,0.133,0.135,0.136,0.137,0.137,0.137,0.136,0.137,0.137,0.145,0.156,0.162,0.167,0.17,0.171,0.172,0.171,0.171,0.171,0.171,0.171,0.182,0.198,0.206,0.213,0.216,0.218,0.218,0.218,0.217,0.217,0.217,0.218,0.231,0.25,0.261,0.268,0.273,0.274,0.275,0.274
0.117,0.12,0.122,0.123,0.124,0.125,0.126,0.126,0.126,0.126,0.126,0.126,0.131,0.136,0.138,0.141,0.142,0.143,0.144,0.144,0.144,0.144,0.144,0.144,0.151,0.158,0.161,0.164,0.166,0.168,0.169,0.169,0.169,0.169,0.169,0.169,0.177,0.186,0.191,0.194,0.197,0.198,0.199,0.199
0.103,0.108,0.111,0.112,0.113,0.113,0.113,0.113,0.113,0.113,0.113,0.113,0.122,0.131,0.135,0.138,0.139,0.139,0.139,0.138,0.138,0.137,0.137,0.138,0.15,0.163,0.168,0.172,0.173,0.173,0.173,0.172,0.171,0.17,0.171,0.172,0.186,0.202,0.209,0.213,0.214,0.215,0.214,0.213
0.133,0.143,0.149,0.152,0.154,0.155,0.155,0.154,0.154,0.154,0.154,0.154,0.167,0.185,0.194,0.201,0.203,0.204,0.204,0.203,0.203,0.203,0.203,0.204,0.22,0.245,0.258,0.266,0.27,0.271,0.271,0.27,0.27,0.269,0.27,0.271,0.29,0.319,0.336,0.345,0.349,0.351,0.351,0.35
0.098,0.103,0.105,0.107,0.108,0.109,0.11,0.11,0.11,0.11,0.11,0.11,0.123,0.133,0.136,0.139,0.141,0.143,0.144,0.144,0.144,0.143,0.143,0.144,0.161,0.176,0.181,0.185,0.188,0.19,0.191,0.192,0.191,0.191,0.191,0.192,0.212,0.231,0.238,0.243,0.246,0.249,0.25,0.25
0.099,0.104,0.105,0.107,0.108,0.108,0.109,0.109,0.109,0.108,0.108,0.109,0.126,0.136,0.139,0.141,0.143,0.144,0.145,0.145,0.144,0.144,0.144,0.145,0.167,0.183,0.187,0.191,0.193,0.194,0.195,0.195,0.195,0.194,0.194,0.195,0.223,0.243,0.248,0.252,0.255,0.256,0.257,0.257
0.112,0.119,0.121,0.123,0.124,0.125,0.125,0.125,0.125,0.124,0.124,0.126,0.142,0.155,0.159,0.162,0.164,0.166,0.166,0.166,0.165,0.165,0.165,0.167,0.188,0.207,0.214,0.219,0.221,0.223,0.224,0.223,0.223,0.222,0.222,0.225,0.25,0.275,0.284,0.29,0.293,0.295,0.296,0.296
0.109,0.117,0.119,0.12,0.12,0.12,0.12,0.119,0.119,0.118,0.118,0.119,0.134,0.148,0.152,0.153,0.153,0.153,0.152,0.151,0.15,0.15,0.15,0.151,0.17,0.19,0.196,0.198,0.198,0.198,0.197,0.195,0.193,0.193,0.192,0.194,0.217,0.242,0.25,0.252,0.252,0.252,0.252,0.249
0.103,0.11,0.113,0.114,0.114,0.114,0.114,0.114,0.113,0.113,0.113,0.114,0.124,0.136,0.141,0.143,0.143,0.143,0.142,0.141,0.141,0.14,0.14,0.142,0.155,0.171,0.178,0.181,0.182,0.182,0.181,0.179,0.178,0.177,0.177,0.179,0.195,0.215,0.225,0.228,0.229,0.229,0.228,0.225
0.088,0.091,0.092,0.092,0.093,0.093,0.093,0.093,0.093,0.093,0.093,0.093,0.1,0.105,0.106,0.107,0.108,0.108,0.108,0.108,0.108,0.107,0.107,0.108,0.116,0.124,0.126,0.127,0.128,0.128,0.128,0.127,0.128,0.127,0.127,0.128,0.138,0.147,0.15,0.152,0.153,0.153,0.152,0.152
0.09,0.093,0.095,0.096,0.097,0.098,0.098,0.098,0.098,0.098,0.098,0.099,0.107,0.113,0.115,0.117,0.119,0.12,0.12,0.12,0.12,0.12,0.12,0.121,0.131,0.141,0.144,0.147,0.148,0.15,0.15,0.15,0.15,0.149,0.149,0.151,0.164,0.176,0.18,0.183,0.186,0.187,0.188,0.187
0.131,0.135,0.137,0.138,0.139,0.139,0.14,0.141,0.141,0.141,0.141,0.143,0.155,0.162,0.165,0.166,0.167,0.168,0.169,0.17,0.17,0.17,0.17,0.173,0.189,0.201,0.204,0.206,0.208,0.209,0.21,0.21,0.21,0.21,0.21,0.214,0.235,0.25,0.254,0.257,0.258,0.259,0.26,0.26
0.106,0.112,0.115,0.118,0.119,0.12,0.12,0.12,0.12,0.12,0.12,0.12,0.128,0.137,0.143,0.147,0.149,0.15,0.15,0.15,0.15,0.149,0.149,0.15,0.16,0.173,0.181,0.186,0.189,0.19,0.191,0.19,0.189,0.189,0.189,0.19,0.201,0.218,0.227,0.233,0.237,0.239,0.239,0.238
0.116,0.126,0.13,0.133,0.134,0.134,0.133,0.133,0.132,0.132,0.132,0.133,0.146,0.163,0.171,0.175,0.176,0.176,0.176,0.175,0.174,0.174,0.174,0.175,0.191,0.215,0.227,0.233,0.234,0.234,0.234,0.232,0.231,0.231,0.231,0.232,0.252,0.281,0.296,0.302,0.304,0.304,0.304,0.302
0.098,0.105,0.107,0.107,0.107,0.107,0.107,0.106,0.106,0.106,0.106,0.107,0.118,0.13,0.133,0.134,0.134,0.134,0.133,0.133,0.132,0.131,0.131,0.133,0.148,0.164,0.169,0.17,0.17,0.17,0.169,0.168,0.167,0.166,0.166,0.168,0.186,0.206,0.212,0.214,0.214,0.214,0.213,0.211
0.118,0.123,0.126,0.128,0.129,0.13,0.13,0.13,0.13,0.13,0.13,0.13,0.135,0.143,0.148,0.151,0.153,0.153,0.153,0.153,0.153,0.153,0.153,0.154,0.16,0.171,0.178,0.182,0.184,0.185,0.185,0.184,0.184,0.184,0.184,0.185,0.193,0.206,0.215,0.22,0.222,0.223,0.223,0.222
0.126,0.13,0.132,0.135,0.137,0.138,0.139,0.139,0.139,0.139,0.139,0.139,0.145,0.152,0.156,0.16,0.163,0.165,0.166,0.166,0.166,0.166,0.166,0.166,0.173,0.184,0.19,0.195,0.199,0.201,0.202,0.202,0.202,0.202,0.202,0.202,0.211,0.224,0.232,0.238,0.243,0.245,0.247,0.246
0.119,0.125,0.127,0.13,0.131,0.133,0.134,0.134,0.134,0.134,0.134,0.135,0.144,0.154,0.158,0.162,0.165,0.167,0.168,0.169,0.169,0.168,0.168,0.169,0.181,0.196,0.202,0.207,0.21,0.213,0.215,0.215,0.215,0.215,0.215,0.216,0.23,0.247,0.255,0.261,0.265,0.268,0.27,0.271
0.088,0.093,0.094,0.095,0.095,0.095,0.095,0.095,0.095,0.094,0.094,0.095,0.103,0.111,0.113,0.114,0.114,0.114,0.114,0.114,0.113,0.113,0.113,0.114,0.125,0.135,0.139,0.14,0.141,0.141,0.14,0.139,0.139,0.138,0.138,0.139,0.152,0.166,0.171,0.173,0.173,0.173,0.172,0.171
0.086,0.091,0.093,0.094,0.095,0.096,0.097,0.097,0.097,0.096,0.096,0.097,0.112,0.122,0.125,0.128,0.129,0.131,0.131,0.131,0.132,0.131,0.131,0.132,0.151,0.167,0.172,0.175,0.178,0.179,0.18,0.18,0.18,0.18,0.18,0.182,0.204,0.224,0.231,0.235,0.238,0.24,0.241,0.241
0.087,0.09,0.092,0.093,0.094,0.094,0.094,0.094,0.094,0.094,0.094,0.094,0.101,0.107,0.109,0.111,0.112,0.112,0.112,0.112,0.112,0.112,0.112,0.112,0.121,0.13,0.134,0.136,0.137,0.137,0.137,0.136,0.136,0.136,0.136,0.136,0.147,0.159,0.164,0.167,0.168,0.168,0.168,0.167
0.112,0.117,0.119,0.12,0.121,0.121,0.122,0.122,0.122,0.122,0.122,0.125,0.137,0.147,0.15,0.151,0.153,0.153,0.154,0.154,0.155,0.154,0.154,0.158,0.175,0.189,0.193,0.196,0.197,0.198,0.199,0.199,0.199,0.199,0.199,0.203,0.224,0.242,0.247,0.25,0.251,0.252,0.253,0.253
0.09,0.093,0.094,0.095,0.095,0.096,0.096,0.096,0.097,0.096,0.096,0.098,0.108,0.114,0.116,0.117,0.118,0.118,0.119,0.119,0.119,0.118,0.118,0.12,0.134,0.144,0.146,0.148,0.148,0.149,0.15,0.15,0.149,0.148,0.148,0.151,0.169,0.181,0.184,0.186,0.187,0.188,0.188,0.188
0.103,0.106,0.107,0.107,0.107,0.108,0.108,0.108,0.108,0.108,0.108,0.109,0.118,0.122,0.123,0.124,0.125,0.125,0.125,0.125,0.126,0.125,0.125,0.126,0.138,0.145,0.147,0.148,0.148,0.149,0.149,0.149,0.149,0.148,0.148,0.15,0.165,0.174,0.176,0.177,0.178,0.178,0.178,0.178
0.08,0.084,0.085,0.086,0.086,0.087,0.087,0.087,0.087,0.086,0.086,0.087,0.098,0.105,0.107,0.109,0.11,0.11,0.111,0.11,0.109,0.109,0.109,0.11,0.124,0.135,0.138,0.141,0.142,0.143,0.143,0.142,0.141,0.14,0.14,0.142,0.159,0.173,0.178,0.181,0.182,0.183,0.183,0.182
0.094,0.1,0.102,0.103,0.104,0.104,0.104,0.103,0.103,0.103,0.103,0.104,0.12,0.132,0.135,0.138,0.138,0.139,0.139,0.138,0.138,0.137,0.137,0.139,0.159,0.177,0.183,0.185,0.186,0.187,0.187,0.187,0.186,0.186,0.186,0.188,0.212,0.234,0.241,0.245,0.246,0.246,0.247,0.246
0.135,0.138,0.14,0.142,0.145,0.146,0.147,0.148,0.148,0.148,0.148,0.148,0.154,0.16,0.163,0.167,0.17,0.172,0.174,0.175,0.175,0.175,0.175,0.175,0.182,0.191,0.196,0.201,0.204,0.208,0.21,0.211,0.211,0.211,0.211,0.211,0.22,0.232,0.237,0.243,0.247,0.251,0.254,0.254
0.083,0.087,0.088,0.089,0.09,0.09,0.091,0.09,0.09,0.09,0.09,0.091,0.101,0.108,0.11,0.112,0.113,0.113,0.114,0.113,0.113,0.112,0.112,0.113,0.127,0.137,0.14,0.143,0.144,0.145,0.145,0.144,0.144,0.143,0.143,0.144,0.161,0.174,0.178,0.181,0.183,0.184,0.184,0.183
0.111,0.115,0.116,0.117,0.118,0.119,0.12,0.12,0.12,0.12,0.12,0.121,0.128,0.134,0.136,0.138,0.139,0.141,0.141,0.141,0.142,0.141,0.141,0.142,0.152,0.161,0.164,0.167,0.169,0.17,0.171,0.171,0.171,0.17,0.17,0.171,0.184,0.195,0.2,0.203,0.205,0.207,0.208,0.207
0.102,0.11,0.114,0.117,0.118,0.119,0.12,0.12,0.12,0.12,0.12,0.121,0.134,0.149,0.156,0.16,0.163,0.165,0.166,0.166,0.166,0.166,0.166,0.167,0.185,0.206,0.216,0.223,0.227,0.23,0.231,0.231,0.231,0.231,0.231,0.233,0.254,0.28,0.293,0.301,0.306,0.309,0.311,0.311
0.091,0.094,0.095,0.096,0.096,0.096,0.096,0.096,0.096,0.096,0.096,0.097,0.103,0.108,0.11,0.111,0.111,0.111,0.111,0.111,0.111,0.111,0.111,0.112,0.12,0.128,0.13,0.132,0.132,0.132,0.132,0.132,0.132,0.132,0.131,0.133,0.142,0.152,0.156,0.157,0.158,0.158,0.158,0.157
0.087,0.091,0.093,0.095,0.095,0.095,0.095,0.095,0.095,0.094,0.094,0.095,0.105,0.114,0.117,0.119,0.12,0.12,0.12,0.119,0.118,0.118,0.118,0.119,0.133,0.145,0.15,0.153,0.154,0.154,0.154,0.152,0.151,0.15,0.15,0.151,0.168,0.184,0.19,0.194,0.195,0.195,0.195,0.192
0.119,0.125,0.128,0.13,0.132,0.134,0.135,0.135,0.135,0.135,0.134,0.136,0.147,0.159,0.164,0.168,0.171,0.173,0.175,0.175,0.175,0.174,0.174,0.176,0.191,0.208,0.216,0.221,0.225,0.228,0.23,0.23,0.23,0.229,0.229,0.231,0.249,0.27,0.28,0.286,0.291,0.294,0.296,0.297
0.145,0.151,0.155,0.158,0.159,0.159,0.159,0.159,0.159,0.159,0.159,0.16,0.167,0.177,0.183,0.188,0.189,0.19,0.19,0.19,0.19,0.189,0.19,0.19,0.199,0.213,0.222,0.228,0.23,0.231,0.23,0.23,0.229,0.229,0.229,0.23,0.241,0.258,0.269,0.276,0.279,0.279,0.279,0.278
0.098,0.105,0.108,0.111,0.113,0.115,0.116,0.117,0.117,0.117,0.117,0.118,0.13,0.143,0.149,0.154,0.158,0.161,0.162,0.163,0.163,0.163,0.163,0.164,0.18,0.199,0.208,0.216,0.221,0.225,0.227,0.228,0.228,0.228,0.228,0.229,0.247,0.271,0.284,0.293,0.299,0.304,0.306,0.307
0.131,0.134,0.136,0.137,0.138,0.138,0.139,0.14,0.14,0.14,0.14,0.141,0.149,0.155,0.157,0.159,0.16,0.161,0.162,0.162,0.162,0.162,0.162,0.164,0.174,0.183,0.186,0.188,0.19,0.191,0.192,0.192,0.192,0.192,0.192,0.195,0.207,0.218,0.223,0.226,0.227,0.229,0.23,0.23
0.109,0.113,0.116,0.118,0.119,0.121,0.121,0.121,0.121,0.121,0.121,0.121,0.13,0.139,0.143,0.146,0.148,0.15,0.151,0.15,0.15,0.15,0.15,0.15,0.162,0.175,0.18,0.185,0.188,0.19,0.191,0.19,0.189,0.189,0.189,0.19,0.204,0.22,0.228,0.233,0.237,0.24,0.24,0.239
0.092,0.097,0.099,0.102,0.103,0.104,0.105,0.105,0.105,0.105,0.105,0.105,0.117,0.127,0.131,0.134,0.137,0.139,0.14,0.14,0.14,0.139,0.139,0.14,0.155,0.17,0.176,0.181,0.185,0.187,0.188,0.189,0.188,0.188,0.188,0.189,0.207,0.226,0.234,0.24,0.244,0.247,0.249,0.249
0.11,0.114,0.116,0.118,0.119,0.12,0.12,0.121,0.121,0.12,0.12,0.121,0.129,0.137,0.14,0.143,0.145,0.146,0.147,0.147,0.147,0.146,0.146,0.147,0.158,0.169,0.174,0.177,0.18,0.182,0.183,0.182,0.182,0.182,0.182,0.183,0.196,0.21,0.216,0.22,0.223,0.225,0.226,0.226
0.086,0.091,0.093,0.094,0.094,0.094,0.094,0.094,0.094,0.093,0.093,0.094,0.104,0.112,0.115,0.117,0.117,0.117,0.117,0.116,0.116,0.115,0.115,0.116,0.129,0.141,0.146,0.148,0.149,0.149,0.148,0.147,0.146,0.145,0.144,0.146,0.163,0.178,0.184,0.187,0.188,0.188,0.187,0.185
0.119,0.123,0.125,0.127,0.128,0.129,0.13,0.13,0.13,0.13,0.13,0.132,0.14,0.147,0.15,0.153,0.154,0.156,0.157,0.157,0.157,0.157,0.157,0.159,0.17,0.181,0.186,0.189,0.191,0.192,0.194,0.194,0.194,0.193,0.193,0.195,0.209,0.223,0.229,0.233,0.235,0.237,0.239,0.239
0.088,0.092,0.093,0.094,0.095,0.096,0.097,0.097,0.097,0.097,0.097,0.098,0.109,0.116,0.118,0.12,0.121,0.122,0.123,0.123,0.123,0.122,0.122,0.124,0.139,0.15,0.153,0.155,0.157,0.158,0.159,0.159,0.158,0.158,0.158,0.16,0.178,0.193,0.197,0.2,0.201,0.203,0.204,0.203
0.139,0.144,0.146,0.147,0.149,0.15,0.15,0.151,0.151,0.151,0.151,0.153,0.168,0.178,0.18,0.183,0.184,0.186,0.187,0.187,0.187,0.187,0.187,0.189,0.21,0.225,0.229,0.232,0.234,0.236,0.237,0.237,0.237,0.236,0.236,0.239,0.265,0.285,0.29,0.294,0.296,0.297,0.298,0.299
0.097,0.103,0.106,0.108,0.109,0.109,0.109,0.108,0.108,0.108,0.108,0.108,0.119,0.131,0.136,0.139,0.14,0.14,0.14,0.139,0.138,0.138,0.138,0.138,0.153,0.169,0.176,0.181,0.182,0.183,0.182,0.181,0.179,0.179,0.179,0.18,0.197,0.218,0.227,0.232,0.234,0.234,0.234,0.232
0.09,0.099,0.103,0.105,0.107,0.108,0.109,0.109,0.109,0.109,0.109,0.109,0.129,0.147,0.154,0.159,0.162,0.163,0.164,0.164,0.164,0.164,0.164,0.165,0.191,0.218,0.229,0.235,0.239,0.242,0.242,0.242,0.242,0.241,0.242,0.243,0.274,0.308,0.322,0.33,0.335,0.337,0.338,0.337
0.113,0.116,0.117,0.119,0.12,0.122,0.123,0.123,0.123,0.123,0.123,0.123,0.128,0.133,0.136,0.139,0.141,0.143,0.144,0.145,0.145,0.145,0.145,0.145,0.151,0.159,0.163,0.166,0.169,0.171,0.173,0.174,0.174,0.173,0.173,0.174,0.182,0.191,0.196,0.2,0.204,0.207,0.209,0.209
0.097,0.103,0.106,0.109,0.111,0.112,0.113,0.114,0.114,0.113,0.113,0.114,0.127,0.139,0.145,0.149,0.153,0.155,0.156,0.157,0.157,0.156,0.157,0.158,0.174,0.192,0.201,0.207,0.212,0.215,0.217,0.218,0.218,0.218,0.218,0.219,0.238,0.262,0.273,0.281,0.287,0.291,0.293,0.294
0.08,0.086,0.088,0.089,0.089,0.089,0.089,0.088,0.088,0.088,0.088,0.089,0.099,0.109,0.112,0.114,0.114,0.114,0.114,0.113,0.113,0.112,0.112,0.114,0.127,0.141,0.146,0.148,0.149,0.149,0.148,0.147,0.146,0.146,0.145,0.148,0.163,0.181,0.188,0.19,0.191,0.191,0.19,0.189
0.076,0.079,0.081,0.082,0.082,0.082,0.082,0.082,0.082,0.081,0.081,0.082,0.089,0.095,0.098,0.099,0.099,0.099,0.099,0.099,0.098,0.098,0.098,0.099,0.108,0.117,0.121,0.122,0.123,0.123,0.122,0.121,0.121,0.12,0.12,0.122,0.132,0.144,0.149,0.151,0.151,0.151,0.151,0.149
0.081,0.083,0.084,0.085,0.085,0.085,0.086,0.086,0.086,0.086,0.085,0.086,0.091,0.095,0.096,0.097,0.098,0.099,0.099,0.099,0.099,0.099,0.099,0.099,0.106,0.111,0.113,0.115,0.116,0.116,0.117,0.116,0.116,0.116,0.116,0.117,0.125,0.132,0.135,0.137,0.138,0.139,0.139,0.138
0.11,0.114,0.115,0.116,0.117,0.118,0.118,0.119,0.119,0.119,0.119,0.122,0.134,0.142,0.144,0.146,0.147,0.147,0.148,0.149,0.149,0.149,0.149,0.153,0.17,0.182,0.186,0.188,0.189,0.19,0.19,0.191,0.191,0.191,0.191,0.196,0.218,0.234,0.238,0.24,0.242,0.243,0.243,0.244
0.091,0.094,0.095,0.096,0.097,0.097,0.097,0.097,0.098,0.097,0.097,0.098,0.106,0.112,0.113,0.115,0.116,0.116,0.117,0.117,0.117,0.116,0.116,0.118,0.128,0.136,0.139,0.141,0.142,0.143,0.143,0.143,0.142,0.142,0.141,0.144,0.156,0.167,0.171,0.173,0.174,0.175,0.175,0.175
0.109,0.115,0.118,0.12,0.122,0.122,0.122,0.122,0.122,0.122,0.122,0.122,0.131,0.14,0.146,0.149,0.151,0.152,0.152,0.151,0.15,0.15,0.15,0.151,0.162,0.176,0.183,0.188,0.19,0.191,0.191,0.189,0.188,0.188,0.188,0.189,0.202,0.22,0.23,0.235,0.238,0.239,0.238,0.236
0.107,0.112,0.114,0.116,0.117,0.118,0.118,0.118,0.118,0.118,0.118,0.119,0.126,0.134,0.138,0.141,0.142,0.143,0.143,0.143,0.143,0.142,0.143,0.143,0.152,0.164,0.169,0.173,0.175,0.176,0.177,0.176,0.175,0.175,0.175,0.176,0.187,0.201,0.208,0.213,0.215,0.217,0.217,0.215
0.114,0.121,0.125,0.128,0.129,0.13,0.131,0.131,0.131,0.13,0.131,0.131,0.142,0.155,0.161,0.165,0.168,0.17,0.17,0.17,0.17,0.17,0.17,0.171,0.185,0.203,0.211,0.218,0.221,0.223,0.224,0.224,0.224,0.223,0.224,0.224,0.241,0.263,0.274,0.281,0.286,0.288,0.289,0.289
0.124,0.127,0.129,0.131,0.132,0.133,0.134,0.134,0.134,0.134,0.134,0.134,0.141,0.147,0.15,0.152,0.155,0.156,0.157,0.157,0.157,0.157,0.157,0.157,0.165,0.174,0.178,0.182,0.185,0.187,0.188,0.188,0.188,0.188,0.188,0.188,0.198,0.209,0.214,0.219,0.222,0.225,0.226,0.226
0.135,0.138,0.14,0.142,0.144,0.145,0.147,0.148,0.148,0.148,0.148,0.148,0.152,0.157,0.16,0.163,0.166,0.168,0.17,0.171,0.172,0.172,0.172,0.172,0.177,0.184,0.188,0.192,0.196,0.199,0.202,0.203,0.204,0.204,0.204,0.203,0.21,0.219,0.224,0.229,0.234,0.238,0.242,0.243
0.093,0.097,0.099,0.101,0.102,0.102,0.103,0.103,0.103,0.103,0.103,0.103,0.109,0.115,0.118,0.121,0.122,0.123,0.123,0.123,0.123,0.123,0.123,0.124,0.131,0.14,0.145,0.148,0.15,0.151,0.151,0.151,0.151,0.15,0.15,0.151,0.16,0.171,0.177,0.182,0.184,0.185,0.185,0.184
0.09,0.094,0.095,0.096,0.097,0.098,0.098,0.098,0.098,0.098,0.098,0.098,0.106,0.112,0.114,0.116,0.117,0.118,0.118,0.118,0.118,0.118,0.118,0.118,0.128,0.137,0.14,0.143,0.144,0.145,0.146,0.145,0.145,0.144,0.144,0.145,0.157,0.168,0.172,0.176,0.178,0.179,0.179,0.178
0.114,0.118,0.119,0.12,0.121,0.122,0.122,0.122,0.123,0.122,0.122,0.123,0.134,0.141,0.143,0.145,0.146,0.147,0.147,0.147,0.147,0.147,0.146,0.148,0.162,0.172,0.176,0.178,0.179,0.18,0.181,0.181,0.18,0.179,0.179,0.181,0.198,0.212,0.216,0.219,0.221,0.222,0.223,0.222
0.154,0.166,0.172,0.175,0.176,0.176,0.175,0.175,0.174,0.174,0.174,0.174,0.187,0.207,0.218,0.222,0.223,0.223,0.222,0.221,0.22,0.22,0.22,0.22,0.236,0.264,0.278,0.284,0.285,0.285,0.284,0.282,0.281,0.28,0.28,0.281,0.3,0.333,0.35,0.357,0.359,0.359,0.358,0.355
0.093,0.098,0.099,0.1,0.1,0.101,0.102,0.102,0.102,0.101,0.101,0.103,0.117,0.125,0.128,0.129,0.13,0.131,0.132,0.132,0.132,0.131,0.131,0.134,0.152,0.165,0.169,0.171,0.172,0.174,0.174,0.174,0.174,0.173,0.173,0.177,0.199,0.216,0.221,0.224,0.225,0.226,0.227,0.227
0.109,0.113,0.114,0.115,0.116,0.116,0.117,0.117,0.118,0.117,0.117,0.12,0.135,0.144,0.146,0.147,0.148,0.149,0.15,0.15,0.15,0.15,0.15,0.153,0.174,0.187,0.19,0.192,0.193,0.194,0.195,0.195,0.195,0.195,0.195,0.199,0.226,0.243,0.247,0.25,0.251,0.252,0.253,0.253
0.092,0.096,0.097,0.098,0.098,0.099,0.099,0.098,0.098,0.098,0.098,0.099,0.109,0.116,0.117,0.119,0.12,0.12,0.12,0.119,0.119,0.119,0.119,0.12,0.133,0.143,0.146,0.148,0.149,0.149,0.149,0.148,0.147,0.147,0.147,0.148,0.164,0.177,0.18,0.183,0.184,0.184,0.184,0.183
0.113,0.117,0.119,0.12,0.12,0.12,0.12,0.12,0.12,0.12,0.12,0.12,0.127,0.134,0.137,0.138,0.138,0.138,0.138,0.138,0.138,0.138,0.138,0.139,0.147,0.157,0.161,0.162,0.163,0.163,0.163,0.162,0.163,0.162,0.162,0.163,0.173,0.185,0.19,0.192,0.192,0.192,0.192,0.192
0.101,0.105,0.107,0.109,0.11,0.11,0.111,0.111,0.111,0.111,0.111,0.111,0.117,0.124,0.128,0.131,0.133,0.133,0.134,0.133,0.133,0.133,0.133,0.133,0.142,0.152,0.157,0.161,0.164,0.165,0.165,0.164,0.164,0.163,0.164,0.164,0.174,0.187,0.194,0.199,0.202,0.203,0.203,0.201
0.118,0.124,0.126,0.127,0.127,0.127,0.127,0.127,0.127,0.126,0.126,0.127,0.135,0.144,0.148,0.149,0.149,0.149,0.148,0.148,0.148,0.148,0.148,0.149,0.16,0.172,0.177,0.178,0.178,0.178,0.178,0.177,0.177,0.177,0.177,0.178,0.191,0.206,0.212,0.214,0.214,0.214,0.213,0.213
0.104,0.109,0.111,0.113,0.114,0.115,0.116,0.115,0.115,0.115,0.116,0.116,0.122,0.13,0.133,0.136,0.138,0.14,0.14,0.14,0.14,0.14,0.14,0.14,0.148,0.159,0.164,0.168,0.171,0.173,0.173,0.172,0.172,0.172,0.172,0.172,0.183,0.196,0.202,0.207,0.21,0.212,0.213,0.212
0.109,0.114,0.117,0.119,0.121,0.122,0.123,0.123,0.123,0.123,0.123,0.123,0.131,0.14,0.144,0.148,0.151,0.152,0.153,0.153,0.153,0.153,0.153,0.153,0.164,0.176,0.182,0.187,0.191,0.193,0.194,0.194,0.194,0.193,0.194,0.194,0.206,0.222,0.23,0.235,0.239,0.242,0.244,0.243
0.105,0.111,0.114,0.116,0.117,0.118,0.118,0.118,0.118,0.118,0.118,0.119,0.131,0.143,0.147,0.15,0.153,0.154,0.155,0.154,0.154,0.153,0.154,0.155,0.171,0.187,0.194,0.199,0.202,0.204,0.204,0.204,0.204,0.203,0.203,0.205,0.224,0.244,0.253,0.259,0.262,0.264,0.266,0.265
0.121,0.129,0.133,0.135,0.136,0.136,0.136,0.135,0.135,0.135,0.135,0.136,0.145,0.158,0.165,0.169,0.17,0.17,0.169,0.168,0.168,0.168,0.168,0.168,0.18,0.198,0.208,0.213,0.215,0.215,0.214,0.212,0.211,0.211,0.211,0.212,0.226,0.248,0.26,0.266,0.268,0.268,0.267,0.265
0.111,0.115,0.116,0.118,0.119,0.12,0.12,0.12,0.121,0.12,0.121,0.121,0.127,0.133,0.136,0.139,0.14,0.141,0.142,0.142,0.142,0.142,0.142,0.142,0.15,0.159,0.163,0.167,0.169,0.17,0.171,0.171,0.171,0.17,0.171,0.171,0.181,0.192,0.198,0.202,0.204,0.206,0.207,0.206
0.089,0.092,0.093,0.094,0.095,0.095,0.096,0.096,0.096,0.095,0.095,0.096,0.102,0.107,0.11,0.111,0.112,0.113,0.113,0.113,0.113,0.113,0.113,0.114,0.122,0.129,0.133,0.135,0.136,0.137,0.138,0.137,0.137,0.136,0.136,0.138,0.147,0.157,0.161,0.164,0.166,0.167,0.167,0.166
0.089,0.095,0.097,0.098,0.098,0.098,0.098,0.098,0.098,0.097,0.097,0.098,0.114,0.126,0.13,0.132,0.132,0.132,0.132,0.131,0.131,0.13,0.13,0.132,0.152,0.17,0.176,0.178,0.179,0.179,0.179,0.178,0.177,0.177,0.177,0.179,0.204,0.227,0.234,0.237,0.238,0.238,0.238,0.237
0.085,0.089,0.09,0.091,0.092,0.093,0.093,0.093,0.093,0.093,0.093,0.094,0.103,0.11,0.112,0.114,0.115,0.116,0.117,0.116,0.116,0.115,0.115,0.117,0.129,0.139,0.143,0.145,0.147,0.148,0.149,0.148,0.147,0.146,0.146,0.148,0.163,0.176,0.181,0.184,0.186,0.188,0.188,0.187
0.093,0.098,0.099,0.101,0.102,0.103,0.103,0.103,0.103,0.103,0.103,0.103,0.116,0.125,0.128,0.131,0.133,0.134,0.134,0.134,0.134,0.133,0.133,0.134,0.151,0.165,0.169,0.173,0.175,0.176,0.177,0.177,0.176,0.175,0.176,0.177,0.198,0.215,0.221,0.225,0.228,0.229,0.231,0.23
0.093,0.096,0.097,0.098,0.098,0.098,0.098,0.098,0.098,0.098,0.098,0.098,0.106,0.111,0.112,0.113,0.113,0.113,0.113,0.113,0.113,0.113,0.113,0.114,0.123,0.131,0.133,0.134,0.134,0.134,0.134,0.134,0.134,0.134,0.133,0.134,0.146,0.156,0.158,0.16,0.16,0.16,0.16,0.16
0.09,0.093,0.094,0.096,0.096,0.097,0.097,0.097,0.097,0.097,0.097,0.098,0.104,0.11,0.113,0.115,0.116,0.117,0.117,0.117,0.117,0.116,0.116,0.117,0.126,0.134,0.138,0.141,0.142,0.143,0.144,0.143,0.143,0.142,0.142,0.143,0.154,0.165,0.169,0.173,0.175,0.176,0.176,0.175
0.088,0.093,0.095,0.096,0.096,0.096,0.096,0.095,0.095,0.095,0.095,0.096,0.107,0.116,0.119,0.121,0.121,0.122,0.121,0.12,0.12,0.119,0.119,0.121,0.135,0.148,0.153,0.156,0.156,0.157,0.156,0.155,0.154,0.153,0.153,0.156,0.172,0.189,0.196,0.198,0.199,0.2,0.199,0.198
0.095,0.098,0.1,0.101,0.101,0.101,0.101,0.101,0.101,0.101,0.101,0.102,0.107,0.113,0.115,0.117,0.117,0.117,0.118,0.118,0.118,0.117,0.117,0.118,0.125,0.133,0.136,0.138,0.139,0.139,0.139,0.139,0.139,0.139,0.139,0.14,0.148,0.158,0.162,0.165,0.166,0.166,0.166,0.166
0.099,0.107,0.111,0.113,0.113,0.113,0.113,0.113,0.113,0.112,0.112,0.113,0.127,0.142,0.149,0.152,0.153,0.153,0.153,0.152,0.151,0.151,0.151,0.152,0.17,0.192,0.201,0.205,0.207,0.207,0.207,0.206,0.205,0.205,0.205,0.206,0.228,0.254,0.266,0.271,0.273,0.273,0.273,0.272
0.097,0.1,0.101,0.103,0.103,0.104,0.104,0.104,0.104,0.104,0.104,0.104,0.111,0.116,0.119,0.12,0.121,0.122,0.122,0.122,0.122,0.122,0.122,0.123,0.131,0.139,0.142,0.145,0.146,0.147,0.147,0.146,0.146,0.146,0.146,0.147,0.157,0.167,0.172,0.175,0.176,0.177,0.177,0.176
0.116,0.12,0.122,0.124,0.125,0.126,0.127,0.127,0.127,0.127,0.127,0.127,0.136,0.144,0.147,0.149,0.151,0.153,0.154,0.154,0.153,0.153,0.153,0.154,0.165,0.177,0.181,0.185,0.187,0.189,0.19,0.19,0.189,0.189,0.189,0.19,0.204,0.218,0.223,0.227,0.23,0.232,0.233,0.233
0.116,0.121,0.123,0.126,0.127,0.129,0.13,0.13,0.13,0.13,0.13,0.13,0.14,0.149,0.154,0.157,0.16,0.162,0.163,0.163,0.163,0.163,0.163,0.164,0.176,0.19,0.196,0.201,0.205,0.208,0.21,0.209,0.209,0.208,0.208,0.209,0.224,0.242,0.25,0.256,0.261,0.264,0.266,0.265
0.137,0.14,0.142,0.144,0.145,0.147,0.148,0.149,0.149,0.149,0.149,0.15,0.157,0.164,0.167,0.169,0.172,0.174,0.175,0.176,0.176,0.176,0.176,0.177,0.187,0.197,0.201,0.205,0.208,0.211,0.212,0.213,0.213,0.213,0.213,0.214,0.227,0.24,0.245,0.25,0.253,0.256,0.258,0.259
0.091,0.096,0.098,0.1,0.101,0.102,0.102,0.102,0.101,0.101,0.101,0.102,0.111,0.12,0.124,0.127,0.129,0.13,0.13,0.129,0.128,0.128,0.128,0.128,0.141,0.154,0.16,0.164,0.166,0.167,0.167,0.166,0.165,0.164,0.164,0.165,0.18,0.197,0.205,0.21,0.212,0.213,0.213,0.211
0.105,0.112,0.114,0.115,0.116,0.116,0.115,0.115,0.115,0.115,0.115,0.115,0.127,0.137,0.142,0.144,0.144,0.144,0.144,0.143,0.142,0.142,0.142,0.142,0.157,0.173,0.179,0.181,0.182,0.182,0.181,0.179,0.178,0.177,0.177,0.178,0.196,0.216,0.224,0.227,0.228,0.228,0.227,0.224
0.087,0.09,0.091,0.092,0.093,0.093,0.093,0.093,0.093,0.093,0.093,0.094,0.099,0.104,0.106,0.108,0.109,0.109,0.109,0.109,0.109,0.109,0.109,0.11,0.117,0.124,0.127,0.129,0.131,0.131,0.131,0.131,0.131,0.131,0.131,0.132,0.14,0.149,0.153,0.156,0.158,0.159,0.159,0.158
0.11,0.117,0.119,0.121,0.123,0.124,0.125,0.125,0.125,0.125,0.125,0.126,0.139,0.151,0.156,0.159,0.162,0.164,0.165,0.165,0.165,0.164,0.164,0.166,0.183,0.2,0.208,0.213,0.216,0.219,0.22,0.22,0.22,0.219,0.22,0.222,0.241,0.262,0.272,0.278,0.282,0.285,0.287,0.287
0.093,0.099,0.102,0.104,0.105,0.105,0.105,0.105,0.105,0.105,0.105,0.105,0.115,0.125,0.129,0.133,0.134,0.135,0.135,0.134,0.134,0.133,0.133,0.134,0.147,0.161,0.168,0.172,0.174,0.175,0.175,0.174,0.173,0.173,0.173,0.174,0.189,0.207,0.215,0.22,0.223,0.224,0.224,0.222
0.116,0.123,0.126,0.129,0.131,0.133,0.134,0.134,0.134,0.134,0.134,0.135,0.146,0.157,0.163,0.168,0.171,0.174,0.176,0.176,0.176,0.176,0.176,0.177,0.191,0.208,0.216,0.223,0.228,0.232,0.234,0.235,0.234,0.234,0.234,0.235,0.252,0.273,0.284,0.292,0.298,0.303,0.306,0.306
0.115,0.123,0.127,0.13,0.132,0.132,0.132,0.132,0.132,0.131,0.131,0.132,0.145,0.16,0.167,0.171,0.173,0.174,0.174,0.174,0.173,0.173,0.173,0.174,0.19,0.211,0.222,0.228,0.231,0.232,0.232,0.231,0.231,0.23,0.231,0.232,0.251,0.276,0.289,0.296,0.3,0.301,0.301,0.301
0.108,0.113,0.115,0.117,0.119,0.12,0.121,0.121,0.121,0.121,0.121,0.121,0.131,0.139,0.143,0.147,0.149,0.151,0.152,0.152,0.152,0.152,0.152,0.152,0.165,0.177,0.183,0.187,0.191,0.193,0.195,0.194,0.194,0.193,0.194,0.194,0.209,0.226,0.232,0.238,0.242,0.245,0.247,0.246
0.11,0.115,0.117,0.119,0.12,0.121,0.121,0.121,0.121,0.121,0.121,0.121,0.128,0.136,0.139,0.142,0.144,0.145,0.146,0.146,0.145,0.145,0.145,0.146,0.155,0.165,0.171,0.175,0.177,0.179,0.179,0.178,0.178,0.178,0.178,0.179,0.189,0.203,0.21,0.215,0.218,0.219,0.22,0.218
0.118,0.12,0.121,0.123,0.123,0.124,0.125,0.125,0.125,0.125,0.125,0.125,0.129,0.133,0.134,0.136,0.137,0.138,0.139,0.14,0.14,0.139,0.139,0.139,0.144,0.149,0.152,0.154,0.156,0.157,0.158,0.158,0.159,0.158,0.158,0.158,0.164,0.171,0.174,0.177,0.179,0.18,0.182,0.182
0.108,0.112,0.115,0.117,0.119,0.12,0.12,0.12,0.12,0.12,0.12,0.12,0.127,0.135,0.139,0.143,0.145,0.146,0.146,0.146,0.146,0.145,0.146,0.146,0.154,0.166,0.172,0.177,0.18,0.181,0.181,0.18,0.18,0.18,0.18,0.18,0.191,0.205,0.213,0.219,0.223,0.224,0.224,0.223
0.113,0.115,0.116,0.117,0.117,0.117,0.118,0.118,0.118,0.118,0.118,0.118,0.125,0.128,0.129,0.13,0.13,0.131,0.131,0.131,0.131,0.131,0.131,0.132,0.14,0.145,0.146,0.147,0.148,0.148,0.149,0.149,0.149,0.149,0.148,0.149,0.16,0.166,0.168,0.169,0.169,0.17,0.17,0.17
0.094,0.097,0.098,0.099,0.1,0.101,0.101,0.101,0.101,0.101,0.101,0.101,0.106,0.11,0.113,0.114,0.116,0.116,0.117,0.117,0.117,0.117,0.117,0.117,0.123,0.13,0.133,0.135,0.137,0.138,0.138,0.138,0.138,0.138,0.138,0.139,0.146,0.154,0.158,0.161,0.163,0.164,0.165,0.164
0.089,0.093,0.095,0.096,0.097,0.097,0.097,0.097,0.097,0.096,0.096,0.097,0.108,0.117,0.12,0.122,0.123,0.123,0.123,0.122,0.122,0.121,0.121,0.122,0.136,0.149,0.154,0.157,0.158,0.159,0.158,0.157,0.156,0.155,0.155,0.157,0.174,0.19,0.196,0.2,0.202,0.203,0.202,0.2
0.102,0.108,0.11,0.112,0.113,0.114,0.114,0.114,0.114,0.114,0.114,0.115,0.129,0.14,0.143,0.146,0.148,0.15,0.151,0.15,0.15,0.149,0.149,0.151,0.169,0.186,0.191,0.196,0.198,0.2,0.201,0.201,0.2,0.199,0.2,0.201,0.224,0.245,0.252,0.258,0.261,0.263,0.265,0.264
0.123,0.127,0.129,0.131,0.133,0.134,0.135,0.136,0.136,0.136,0.136,0.136,0.145,0.153,0.156,0.159,0.162,0.164,0.165,0.166,0.166,0.166,0.166,0.166,0.178,0.189,0.194,0.198,0.202,0.204,0.206,0.207,0.207,0.206,0.207,0.207,0.221,0.236,0.242,0.247,0.251,0.254,0.256,0.256
0.11,0.118,0.12,0.122,0.123,0.123,0.123,0.122,0.122,0.122,0.122,0.122,0.138,0.151,0.156,0.159,0.159,0.16,0.16,0.159,0.158,0.158,0.158,0.159,0.179,0.198,0.205,0.208,0.21,0.21,0.21,0.209,0.208,0.207,0.207,0.208,0.233,0.256,0.265,0.269,0.271,0.271,0.271,0.269
0.082,0.086,0.087,0.089,0.089,0.09,0.09,0.09,0.09,0.09,0.09,0.09,0.097,0.103,0.105,0.107,0.109,0.109,0.11,0.109,0.109,0.109,0.109,0.109,0.117,0.126,0.13,0.133,0.134,0.135,0.135,0.135,0.134,0.134,0.134,0.135,0.145,0.156,0.16,0.164,0.166,0.167,0.167,0.166
0.093,0.1,0.103,0.104,0.105,0.105,0.105,0.104,0.104,0.103,0.103,0.104,0.117,0.13,0.134,0.137,0.137,0.138,0.137,0.136,0.135,0.134,0.134,0.135,0.153,0.171,0.178,0.182,0.182,0.183,0.182,0.18,0.179,0.178,0.178,0.179,0.201,0.224,0.233,0.237,0.238,0.238,0.238,0.235
0.107,0.111,0.112,0.113,0.114,0.115,0.115,0.115,0.116,0.115,0.116,0.118,0.129,0.136,0.138,0.14,0.141,0.142,0.143,0.143,0.143,0.142,0.142,0.145,0.16,0.172,0.175,0.177,0.178,0.179,0.18,0.18,0.18,0.179,0.179,0.183,0.202,0.216,0.221,0.223,0.225,0.226,0.227,0.226
0.118,0.125,0.128,0.131,0.132,0.132,0.132,0.132,0.132,0.131,0.131,0.132,0.146,0.159,0.165,0.168,0.17,0.171,0.171,0.17,0.169,0.169,0.169,0.17,0.188,0.207,0.215,0.22,0.222,0.224,0.224,0.222,0.221,0.22,0.221,0.222,0.244,0.268,0.278,0.284,0.287,0.288,0.288,0.286
0.153,0.156,0.158,0.16,0.161,0.162,0.163,0.163,0.164,0.163,0.163,0.163,0.169,0.174,0.177,0.179,0.181,0.183,0.184,0.184,0.184,0.184,0.184,0.184,0.192,0.199,0.202,0.205,0.208,0.21,0.211,0.212,0.212,0.212,0.212,0.212,0.221,0.231,0.235,0.238,0.241,0.244,0.245,0.246
0.09,0.094,0.096,0.097,0.098,0.098,0.099,0.099,0.1,0.1,0.1,0.102,0.114,0.123,0.126,0.128,0.129,0.13,0.131,0.131,0.131,0.131,0.131,0.135,0.152,0.165,0.17,0.173,0.174,0.175,0.176,0.177,0.177,0.176,0.177,0.182,0.202,0.22,0.227,0.23,0.232,0.233,0.234,0.234
